ticket_id,title,category_reported,domain,priority,severity,status,created_at,resolved_at,description,symptoms,impact,service_component,environment,technology_stack,root_cause,resolution_steps,runbook_available,runbook_used,manual_intervention,true_category,predicted_category,confidence_score,resolution_time_minutes
INC-1001,Feature not working,Incident,Application / Backend Issues,P2,Medium,Resolved,2025-10-28 02:36:00,2025-10-29 13:36:00,Export to CSV button does nothing. Affecting multiple users.,"No network request sent when clicking export button, console shows JS TypeError.","Users unable to export reports, blocking end-of-day workflows.",Checkout Service,Production,"Python, FastAPI",Recent refactor broke event listener binding on dynamic elements.,1. Reverted UI component commit. 2. Cleared CDN cache. 3. Re-deployed.,False,False,False,Incident,Incident,0.79,2100
INC-1002,Duplicate alerts firing,Incident,Monitoring / Alert Noise,P2,High,Resolved,2025-11-09 06:50:00,2025-11-10 07:50:00,"Hey team, Receiving 50+ PagerDuty pages for the same event within 2 minutes.",Receiving 50+ PagerDuty pages for the same CPU spike event within 2 minutes.,"On-call engineer overwhelmed, real alerts buried in noise.",Grafana,Production,ELK Stack,Alertmanager group_wait and group_interval misconfigured after config refactor.,1. Updated group_wait=30s and group_interval=5m. 2. Reloaded config. 3. Tested with firing rule.,False,False,True,Incident,Incident,0.94,1500
INC-1003,Intermittent packet loss,Incident,Network / Connectivity Issues,P2,High,In Progress,2025-09-18 13:27:00,,"2-5% ping loss between nodes, TCP retransmits elevated. Need a fix ASAP.",Ping loss between nodes 2-5% intermittently. TCP retransmits elevated.,"Degraded performance for all real-time features, chat and notifications affected.",Internal Mesh,Staging,Istio,Pending investigation,Pending investigation,False,False,True,Incident,Incident,0.94,
INC-1004,OAuth token refresh broken,Incident,Authentication / Authorization Issues,P3,Low,Closed,2025-10-19 15:57:00,2025-10-21 08:57:00,"pls check ASAP: API clients getting 401 after 1 hour, refresh token invalid.",API clients getting 401 after 1 hour. Refresh token call returns invalid_grant.,All API integrations failing after initial token expires.,Auth Service,Staging,Keycloak,Refresh token invalidated on any login event due to misconfigured session policy.,1. Identified session policy setting. 2. Disabled rotate-on-login. 3. Reissued tokens.,False,False,True,Incident,Incident,0.95,2460
INC-1005,One-off job failure,Bug,Misc / Edge / New Issues,P2,High,Closed,2025-08-10 10:47:00,2025-08-14 13:47:00,"Hey team, Nightly report generation failed once at 3 AM, no recurrence.",Nightly report generation failed once at 3 AM. No recurrence.,"Finance team missing one daily report, manually regenerated.",Webapp,Production,React,Transient network blip to external API during report generation window.,1. Manually triggered report. 2. Added retry with exponential backoff. 3. Monitored.,True,True,False,Bug,Bug,0.81,5940
INC-1006,Slow query degrading API response,Bug,Application / Backend Issues,P2,Medium,In Progress,2025-09-19 06:05:00,,Orders endpoint latency spiked from 200ms to 8 seconds. It was working fine yesterday.,P99 latency spiking from 200ms to 8s on /orders endpoint.,Order confirmation page timing out for ~15% of users.,Frontend Webapp,Production,"Python, FastAPI",Pending investigation,Pending investigation,True,True,False,Bug,Bug,0.92,
INC-1007,Implement mTLS across service mesh,Improvement / Task,Network / Connectivity Issues,P2,Medium,Closed,2026-01-21 01:38:00,2026-01-24 05:38:00,Tech debt item: Security audit found internal service-to-service traffic is unencrypted. mTLS needs to be enforced.,Security audit found internal service-to-service traffic unencrypted.,Risk of lateral movement if network is compromised.,Load Balancer,Production,"WireGuard, Linux","Istio mTLS set to PERMISSIVE mode, never enforced.",1. Gradually enabled STRICT mTLS per namespace. 2. Fixed services failing handshake. 3. Enforced globally.,False,False,True,Improvement / Task,Improvement / Task,0.88,4560
INC-1008,ArgoCD app out of sync,Incident,CI/CD & Deployment Issues,P1,High,In Progress,2025-09-23 16:02:00,,FYI - ArgoCD showing OutOfSync but sync fails with permission error. Any ideas?,ArgoCD showing app OutOfSync but sync button fails with permission error.,"Config changes not deploying, manual kubectl apply required as workaround.",Jenkins,Production,"ArgoCD, Kustomize",Pending investigation,Pending investigation,True,False,True,Incident,Incident,0.92,
INC-1009,Feature not working,Bug,Application / Backend Issues,P3,Medium,Resolved,2026-01-07 16:23:00,2026-01-08 16:23:00,Customer reported: Export to CSV button does nothing.,"No network request sent when clicking export button, console shows JS TypeError.","Users unable to export reports, blocking end-of-day workflows.",Frontend Webapp,Production,"Python, FastAPI",Recent refactor broke event listener binding on dynamic elements.,1. Reverted UI component commit. 2. Cleared CDN cache. 3. Re-deployed.,False,False,False,Bug,Bug,0.86,1440
INC-1010,Implement connection pooling,Improvement / Task,Database Issues,P2,Low,Resolved,2025-08-11 10:50:00,2025-08-11 14:50:00,FYI - DB connection count grows linearly with service instances. Risk of exhaustion as we scale.,DB connection count growing linearly with service instances.,Risk of connection exhaustion as we scale horizontally.,Analytics DB,Production,"PostgreSQL, PgBouncer",Services connecting directly to DB without a connection pooler.,1. Evaluated PgBouncer. 2. Deployed in transaction mode. 3. Tuned pool sizes.,False,False,True,Improvement / Task,Improvement / Task,0.92,240
INC-1011,Implement token rotation policy,Bug,Authentication / Authorization Issues,P3,Medium,Closed,2025-08-04 12:29:00,2025-08-06 10:29:00,FYI - Security audit flagged long-lived refresh tokens as a risk. Need to define and enforce rotation policy.,Security audit flagged long-lived refresh tokens as risk.,Stolen refresh tokens valid indefinitely if not rotated.,SSO Gateway,Production,Keycloak,No refresh token rotation or expiry policy defined.,1. Defined rotation policy. 2. Implemented in auth service. 3. Updated client SDKs.,False,False,False,Improvement / Task,Bug,0.73,2760
INC-1012,Add MFA to admin portal,Improvement / Task,Authentication / Authorization Issues,P3,Low,Resolved,2025-12-24 11:46:00,2025-12-24 23:46:00,Tech debt item: Security review flagged admin portal as accessible with password only. MFA needs to be enforced.,Security review flagged admin portal accessible with password only.,Single factor auth on high-privilege accounts is a critical risk.,IAM Module,Production,Keycloak,MFA was descoped during initial launch and never revisited.,1. Integrated TOTP via auth service. 2. Enforced for admin role. 3. Enrolled all admins.,False,False,True,Improvement / Task,Improvement / Task,0.89,720
INC-1013,Service unreachable,Incident,Network / Connectivity Issues,P2,Medium,Resolved,2026-01-30 04:31:00,2026-02-01 10:31:00,"Getting complaints that Auth service cannot reach User service, connection refused.",Auth service cannot reach User service. Connection refused on port 8080.,Login broken for all users.,Internal Mesh,Production,"WireGuard, Linux",NetworkPolicy accidentally blocking inter-service traffic after namespace migration.,1. Identified with kubectl describe netpol. 2. Reverted policy YAML. 3. Verified connectivity.,True,True,True,Incident,Incident,0.94,3240
INC-1014,High CPU on worker nodes,Bug,Infrastructure / Cloud Issues,P2,Medium,Closed,2025-08-14 10:18:00,2025-08-18 19:18:00,"FYI - Node CPU at 95%+, multiple pods throttled. Any ideas?",Node CPU at 95%+. Multiple pods throttled causing cascading slowdowns.,"System-wide latency spike, 3 services degraded simultaneously.",Load Balancer,Production,"Terraform, AWS",Runaway Celery task consuming CPU due to infinite retry loop on bad message.,1. Identified task with top. 2. Purged queue. 3. Added max_retries to task config.,False,False,True,Incident,Bug,0.72,6300
INC-1015,Service unreachable,Incident,Network / Connectivity Issues,P2,Medium,Resolved,2025-08-04 18:23:00,2025-08-05 14:23:00,"FYI - Auth service cannot reach User service, connection refused. Any ideas?",Auth service cannot reach User service. Connection refused on port 8080.,Login broken for all users.,VPN Gateway,Production,Istio,NetworkPolicy accidentally blocking inter-service traffic after namespace migration.,1. Identified with kubectl describe netpol. 2. Reverted policy YAML. 3. Verified connectivity.,True,True,False,Incident,Incident,0.71,1200
INC-1016,Autovacuum not keeping up,Bug,Database Issues,P3,Low,Closed,2025-10-20 05:46:00,2025-10-23 04:46:00,"Urgent: Table bloat increasing, query times gradually degrading.","Table bloat increasing, query times gradually degrading over 2 weeks.",Slow degradation of query performance across reporting module.,Reporting DB,Production,"PostgreSQL, Flyway",Autovacuum cost delay too high for write-heavy reporting table.,1. Ran manual VACUUM ANALYZE. 2. Tuned autovacuum_cost_delay. 3. Monitored bloat.,False,False,False,Bug,Bug,0.93,4260
INC-1017,High CPU on worker nodes,Improvement / Task,Infrastructure / Cloud Issues,P2,Medium,Closed,2025-10-05 08:29:00,2025-10-06 23:29:00,"Node CPU at 95%+, multiple pods throttled.",Node CPU at 95%+. Multiple pods throttled causing cascading slowdowns.,"System-wide latency spike, 3 services degraded simultaneously.",Celery Workers,Production,"Terraform, AWS",Runaway Celery task consuming CPU due to infinite retry loop on bad message.,1. Identified task with top. 2. Purged queue. 3. Added max_retries to task config.,False,False,False,Bug,Improvement / Task,0.61,2340
INC-1018,Node not ready in cluster,Bug,Infrastructure / Cloud Issues,P3,Low,Resolved,2025-08-26 08:36:00,2025-08-28 23:36:00,"Kubernetes node showing NotReady, pods being evicted. Please look into this.",kubectl shows node in NotReady state. Pods evicted and rescheduled causing brief downtime.,"30% capacity reduction, some pods pending for 15 minutes.",EC2 Fleet,Production,"AWS EC2, Python",Kubelet ran out of memory due to log file accumulation on node.,1. Drained node. 2. Cleared logs. 3. Restarted kubelet. 4. Uncordoned.,True,False,True,Bug,Bug,0.93,3780
INC-1019,Timeouts on Dashboard,Bug,Application / Backend Issues,P3,Medium,Resolved,2025-10-31 01:19:00,2025-11-02 10:19:00,Dashboard takes 30+ seconds to load and then times out.,"Gateway timeouts (504), high latency on /metrics endpoint.",All internal users experiencing slow load times.,Frontend Webapp,Production,"Python, Django",Inefficient data aggregation logic causing N+1 database queries.,1. Temporarily disabled heavy widget. 2. Restarted API pods. 3. Optimised query with JOIN.,False,False,False,Bug,Bug,0.88,3420
INC-1020,Database migration failed,Improvement / Task,Database Issues,P3,Medium,Closed,2025-12-13 02:24:00,2025-12-17 07:24:00,"Hey team, Deploy pipeline failed at migration step, schema in inconsistent state.",Deploy pipeline failed at migration step. Service rolled back but DB partially migrated.,"Inconsistent schema state, one feature broken until fixed.",Analytics DB,Production,"PostgreSQL, PgBouncer",Non-transactional DDL statement (adding index) inside transaction block.,1. Ran compensating migration manually. 2. Verified schema. 3. Fixed migration script.,False,False,False,Incident,Improvement / Task,0.61,6060
INC-1021,Timeouts on Dashboard,Bug,Application / Backend Issues,P2,Medium,Resolved,2025-10-25 20:04:00,2025-10-28 02:04:00,Dashboard takes 30+ seconds to load and then times out. It was working fine yesterday.,"Gateway timeouts (504), high latency on /metrics endpoint.",All internal users experiencing slow load times.,Notification Service,Production,"Python, FastAPI",Inefficient data aggregation logic causing N+1 database queries.,1. Temporarily disabled heavy widget. 2. Restarted API pods. 3. Optimised query with JOIN.,True,False,False,Bug,Bug,0.78,3240
INC-1022,OAuth token refresh broken,Bug,Authentication / Authorization Issues,P2,High,Resolved,2025-08-09 12:20:00,2025-08-11 22:20:00,"API clients getting 401 after 1 hour, refresh token invalid. Please look into this.",API clients getting 401 after 1 hour. Refresh token call returns invalid_grant.,All API integrations failing after initial token expires.,Session Store,Production,Keycloak,Refresh token invalidated on any login event due to misconfigured session policy.,1. Identified session policy setting. 2. Disabled rotate-on-login. 3. Reissued tokens.,True,True,False,Bug,Bug,0.79,3480
INC-1023,Grafana dashboard showing no data,Incident,Monitoring / Alert Noise,P2,Medium,Closed,2025-10-06 12:47:00,2025-10-09 22:47:00,All Grafana panels showing No Data despite metrics being present. Need a fix ASAP.,All panels in production dashboard showing No Data. Metrics visible in Prometheus UI.,Operations team blind to production health.,PagerDuty,Production,"Grafana, Loki",Grafana datasource URL changed after Prometheus pod rescheduled to new IP.,1. Updated datasource URL to use service DNS instead of pod IP. 2. Verified panels.,False,False,True,Incident,Incident,0.78,4920
INC-1024,Deadlock errors in transaction logs,Bug,Database Issues,P2,High,Closed,2025-10-01 08:12:00,2025-10-03 13:12:00,"Hey team, Intermittent deadlock exceptions in order processing every 2 hours.",Intermittent deadlock exceptions in order processing service every ~2 hours.,Approximately 0.5% of orders failing and requiring manual retry.,Inventory DB,Production,Redis,Two services acquiring locks on orders and inventory tables in opposite order.,1. Identified lock order from pg_locks. 2. Standardised lock acquisition order. 3. Deployed.,False,False,False,Bug,Bug,0.81,3180
INC-1025,OAuth token refresh broken,Incident,Authentication / Authorization Issues,P1,Critical,Resolved,2026-01-08 00:31:00,2026-01-09 13:31:00,"API clients getting 401 after 1 hour, refresh token invalid. It was working fine yesterday.",API clients getting 401 after 1 hour. Refresh token call returns invalid_grant.,All API integrations failing after initial token expires.,IAM Module,Production,"LDAP, Active Directory",Refresh token invalidated on any login event due to misconfigured session policy.,1. Identified session policy setting. 2. Disabled rotate-on-login. 3. Reissued tokens.,False,False,True,Incident,Incident,0.91,2220
INC-1026,Add automated smoke tests post-deploy,Improvement / Task,CI/CD & Deployment Issues,P3,Medium,Closed,2025-08-19 16:56:00,2025-08-23 18:56:00,"Hey team, Post-incident review showed deployment issues could be caught in 2 minutes with basic smoke tests.",Post-incident review showed deployment issue could have been caught in 2 minutes.,Deployments currently have no automated health validation step.,Docker Registry,Production,"Docker, AWS ECR",Smoke test suite exists locally but never integrated into pipeline.,1. Added smoke test stage to Jenkins pipeline. 2. Auto-rollback on failure. 3. Tested.,True,False,False,Improvement / Task,Improvement / Task,0.72,5880
INC-1027,SSO login loop,Improvement / Task,Authentication / Authorization Issues,P2,High,Closed,2026-01-01 04:05:00,2026-01-04 18:05:00,CRITICAL: Users redirected in infinite loop between app and SSO provider.,Users redirected in infinite loop between app and SSO provider. Never lands on dashboard.,"All SSO-based logins broken, affecting 80% of user base.",Session Store,Production,"LDAP, Active Directory",Redirect URI mismatch after domain change not updated in SSO provider config.,1. Updated redirect URI in Keycloak. 2. Cleared browser cookies. 3. Verified login flow.,False,False,True,Incident,Improvement / Task,0.6,5160
INC-1028,Pipeline stuck,Bug,CI/CD & Deployment Issues,P2,Medium,Resolved,2025-12-08 07:22:00,2025-12-09 20:22:00,Production deployment pipeline hanging at build step for 2+ hours. It was working fine yesterday.,Production deployment pipeline hanging at build step for 2+ hours. No error output.,"Release blocked, hotfix cannot reach production.",GitHub Actions Runner,Production,"Kubernetes, Helm",Deadlock in concurrent test step caused by shared file handle.,1. Aborted stuck job. 2. Cleared workspace. 3. Added timeout to test step. 4. Reran.,False,False,False,Bug,Bug,0.82,2220
INC-1029,Add automated smoke tests post-deploy,Incident,CI/CD & Deployment Issues,P3,Low,Resolved,2025-12-26 20:25:00,2025-12-28 13:25:00,Post-incident review showed deployment issues could be caught in 2 minutes with basic smoke tests.,Post-incident review showed deployment issue could have been caught in 2 minutes.,Deployments currently have no automated health validation step.,CI/CD Pipeline,Production,GitLab CI,Smoke test suite exists locally but never integrated into pipeline.,1. Added smoke test stage to Jenkins pipeline. 2. Auto-rollback on failure. 3. Tested.,False,False,False,Improvement / Task,Incident,0.57,2460
INC-1030,Feature not working,Incident,Application / Backend Issues,P3,Low,Resolved,2025-09-15 07:50:00,2025-09-16 17:50:00,Urgent: Export to CSV button does nothing.,"No network request sent when clicking export button, console shows JS TypeError.","Users unable to export reports, blocking end-of-day workflows.",Order API,Production,"Python, Django",Recent refactor broke event listener binding on dynamic elements.,1. Reverted UI component commit. 2. Cleared CDN cache. 3. Re-deployed.,False,False,True,Incident,Incident,0.93,2040
INC-1031,Node not ready in cluster,Incident,Infrastructure / Cloud Issues,P2,Medium,Closed,2025-12-03 00:36:00,2025-12-07 22:36:00,"Hey team, Kubernetes node showing NotReady, pods being evicted.",kubectl shows node in NotReady state. Pods evicted and rescheduled causing brief downtime.,"30% capacity reduction, some pods pending for 15 minutes.",Kubernetes Cluster,Production,"Ansible, Linux",Kubelet ran out of memory due to log file accumulation on node.,1. Drained node. 2. Cleared logs. 3. Restarted kubelet. 4. Uncordoned.,False,False,True,Incident,Incident,0.97,7080
INC-1032,API returning 500s,Incident,Application / Backend Issues,P3,Low,Closed,2025-11-15 19:38:00,2025-11-16 00:38:00,Checkout API is failing with 500 Internal Server Error. It was working fine yesterday.,"Spike in 500 status codes, logs show NullPointerException in payment module.",Users cannot complete checkout (approx 200 users affected).,Frontend Webapp,Production,"React, Node.js",Unhandled null value in payment payload from third-party provider.,1. Added null check. 2. Deployed hotfix. 3. Monitored error rates.,False,False,True,Incident,Incident,0.83,300
INC-1033,Set up cluster autoscaler,Improvement / Task,Infrastructure / Cloud Issues,P3,Low,Closed,2025-11-01 09:05:00,2025-11-06 06:05:00,During peak traffic pods go pending due to insufficient capacity. Manual scaling is causing too much toil.,"During peak traffic, pods pending due to insufficient node capacity.","Manual scaling required during traffic spikes, causing toil.",Kubernetes Cluster,Production,"Ansible, Linux","Cluster autoscaler not configured, capacity managed entirely manually.",1. Installed cluster-autoscaler helm chart. 2. Set min/max node counts. 3. Load tested.,True,False,False,Improvement / Task,Improvement / Task,0.97,7020
INC-1034,Memory leak in backend service,Bug,Application / Backend Issues,P1,High,Resolved,2025-10-20 21:20:00,2025-10-21 21:20:00,"FYI - Backend service memory growing unboundedly, pods restarting.","RSS memory growing unboundedly, OOM killer terminating pods every 6 hours.",Service restarts causing 2-3 min downtime every 6 hours for all users.,Analytics API,Staging,"Python, Django",Celery worker holding reference to large object after task completion.,1. Identified object with memory profiler. 2. Added explicit del. 3. Redeployed.,True,True,False,Bug,Bug,0.89,1440
INC-1035,Intermittent packet loss,Incident,Network / Connectivity Issues,P3,Medium,In Progress,2025-09-24 09:47:00,,"Customer reported: 2-5% ping loss between nodes, TCP retransmits elevated.",Ping loss between nodes 2-5% intermittently. TCP retransmits elevated.,"Degraded performance for all real-time features, chat and notifications affected.",API Gateway,Production,Cloudflare,Pending investigation,Pending investigation,True,True,False,Incident,Incident,0.77,
INC-1036,Intermittent packet loss,Incident,Network / Connectivity Issues,P2,Medium,Closed,2025-10-22 22:18:00,2025-10-27 16:18:00,"Getting complaints that 2-5% ping loss between nodes, TCP retransmits elevated.",Ping loss between nodes 2-5% intermittently. TCP retransmits elevated.,"Degraded performance for all real-time features, chat and notifications affected.",CoreDNS,Production,"WireGuard, Linux",Faulty NIC on one hypervisor host causing CRC errors.,1. Identified host with mtr. 2. Migrated VMs. 3. Raised ticket with data centre.,False,False,True,Incident,Incident,0.73,6840
INC-1037,Pipeline stuck,Bug,CI/CD & Deployment Issues,P3,Medium,Closed,2025-12-29 05:07:00,2025-12-30 08:07:00,Production deployment pipeline hanging at build step for 2+ hours.,Production deployment pipeline hanging at build step for 2+ hours. No error output.,"Release blocked, hotfix cannot reach production.",Jenkins,Production,"Kubernetes, Helm",Deadlock in concurrent test step caused by shared file handle.,1. Aborted stuck job. 2. Cleared workspace. 3. Added timeout to test step. 4. Reran.,False,False,False,Bug,Bug,0.74,1620
INC-1038,Autovacuum not keeping up,Bug,Database Issues,P2,High,Closed,2025-09-10 03:39:00,2025-09-11 09:39:00,"Table bloat increasing, query times gradually degrading. Need a fix ASAP.","Table bloat increasing, query times gradually degrading over 2 weeks.",Slow degradation of query performance across reporting module.,Inventory DB,Production,"MongoDB, Python",Autovacuum cost delay too high for write-heavy reporting table.,1. Ran manual VACUUM ANALYZE. 2. Tuned autovacuum_cost_delay. 3. Monitored bloat.,False,False,True,Bug,Bug,0.76,1800
INC-1039,API returning 500s,Incident,Application / Backend Issues,P2,Medium,Resolved,2025-09-25 11:35:00,2025-09-26 18:35:00,Checkout API is failing with 500 Internal Server Error. Affecting multiple users.,"Spike in 500 status codes, logs show NullPointerException in payment module.",Users cannot complete checkout (approx 200 users affected).,Frontend Webapp,Production,"Python, Django",Unhandled null value in payment payload from third-party provider.,1. Added null check. 2. Deployed hotfix. 3. Monitored error rates.,True,True,True,Incident,Incident,0.78,1860
INC-1040,Service unreachable,Bug,Network / Connectivity Issues,P3,Low,Closed,2025-10-16 12:52:00,2025-10-19 19:52:00,"Auth service cannot reach User service, connection refused. Need a fix ASAP.",Auth service cannot reach User service. Connection refused on port 8080.,Login broken for all users.,VPN Gateway,Production,"WireGuard, Linux",NetworkPolicy accidentally blocking inter-service traffic after namespace migration.,1. Identified with kubectl describe netpol. 2. Reverted policy YAML. 3. Verified connectivity.,False,False,False,Bug,Bug,0.97,4740
INC-1041,High CPU on worker nodes,Bug,Infrastructure / Cloud Issues,P2,Medium,Resolved,2025-11-18 20:07:00,2025-11-21 13:07:00,"Urgent: Node CPU at 95%+, multiple pods throttled.",Node CPU at 95%+. Multiple pods throttled causing cascading slowdowns.,"System-wide latency spike, 3 services degraded simultaneously.",Kubernetes Cluster,Production,"Kubernetes, Docker",Runaway Celery task consuming CPU due to infinite retry loop on bad message.,1. Identified task with top. 2. Purged queue. 3. Added max_retries to task config.,False,False,True,Bug,Bug,0.79,3900
INC-1042,DNS resolution failing,Incident,Network / Connectivity Issues,P2,High,Resolved,2025-09-26 06:29:00,2025-09-28 09:29:00,FYI - Services cannot resolve internal and external domains intermittently. Any ideas?,Services intermittently failing to resolve internal and external domains.,Cascading failures across 4 services depending on external APIs.,API Gateway,Production,Istio,CoreDNS pods overwhelmed by DNS flood from misconfigured ndots setting.,1. Scaled CoreDNS replicas from 2 to 5. 2. Added ndots:1 to pod DNS config. 3. Verified resolution.,True,True,True,Incident,Incident,0.74,3060
INC-1043,Add MFA to admin portal,Improvement / Task,Authentication / Authorization Issues,P3,Medium,In Progress,2025-08-30 07:29:00,,Security review flagged admin portal as accessible with password only. MFA needs to be enforced.,Security review flagged admin portal accessible with password only.,Single factor auth on high-privilege accounts is a critical risk.,Auth Service,Staging,"Redis, Node.js",Pending investigation,Pending investigation,False,False,False,Improvement / Task,Improvement / Task,0.96,
INC-1044,Grafana dashboard showing no data,Bug,Monitoring / Alert Noise,P1,Critical,Resolved,2025-10-25 12:27:00,2025-10-26 13:27:00,All Grafana panels showing No Data despite metrics being present. It was working fine yesterday.,All panels in production dashboard showing No Data. Metrics visible in Prometheus UI.,Operations team blind to production health.,Grafana,Staging,Prometheus,Grafana datasource URL changed after Prometheus pod rescheduled to new IP.,1. Updated datasource URL to use service DNS instead of pod IP. 2. Verified panels.,True,True,False,Bug,Bug,0.88,1500
INC-1045,S3 bucket access denied,Incident,Infrastructure / Cloud Issues,P2,High,Closed,2025-09-27 22:28:00,2025-09-30 10:28:00,"Hey team, Application throwing AccessDenied on all file upload attempts.",Application throwing AccessDenied on all S3 PutObject calls.,File uploads broken for all users.,S3 Buckets,Production,"Terraform, AWS",IAM role policy accidentally removed during infrastructure-as-code refactor.,1. Identified missing statement in Terraform diff. 2. Re-applied policy. 3. Verified uploads.,False,False,True,Incident,Incident,0.9,3600
INC-1046,Add rate limiting to public API,Improvement / Task,Application / Backend Issues,P3,Low,Closed,2025-11-24 06:57:00,2025-11-26 02:57:00,Tech debt item: Public API has no rate limiting. Identified during capacity planning — need to implement before launch.,"No immediate symptoms, identified during capacity planning review.",Risk of API abuse if not addressed before product launch.,Notification Service,Production,"Python, Django",Rate limiting was never implemented on public-facing endpoints.,1. Evaluated django-ratelimit. 2. Implemented per-IP throttle. 3. Tested with load script.,False,False,False,Improvement / Task,Improvement / Task,0.85,2640
INC-1047,Feature not working,Bug,Application / Backend Issues,P2,High,Closed,2025-11-18 00:20:00,2025-11-19 18:20:00,Export to CSV button does nothing.,"No network request sent when clicking export button, console shows JS TypeError.","Users unable to export reports, blocking end-of-day workflows.",Checkout Service,Production,"Python, FastAPI",Recent refactor broke event listener binding on dynamic elements.,1. Reverted UI component commit. 2. Cleared CDN cache. 3. Re-deployed.,False,False,False,Bug,Bug,0.97,2520
INC-1048,Slow query degrading API response,Bug,Application / Backend Issues,P1,High,Resolved,2025-08-19 08:25:00,2025-08-22 08:25:00,Orders endpoint latency spiked from 200ms to 8 seconds.,P99 latency spiking from 200ms to 8s on /orders endpoint.,Order confirmation page timing out for ~15% of users.,Frontend Webapp,Production,"React, Node.js",Missing index on orders.created_at column after schema migration.,1. Ran EXPLAIN ANALYZE. 2. Added index concurrently. 3. Verified latency drop.,True,False,False,Bug,Bug,0.9,4320
INC-1049,Feature not working,Bug,Application / Backend Issues,P1,High,Resolved,2025-12-23 00:39:00,2025-12-25 06:39:00,Export to CSV button does nothing. Need a fix ASAP.,"No network request sent when clicking export button, console shows JS TypeError.","Users unable to export reports, blocking end-of-day workflows.",Order API,Production,"Python, FastAPI",Recent refactor broke event listener binding on dynamic elements.,1. Reverted UI component commit. 2. Cleared CDN cache. 3. Re-deployed.,False,False,False,Bug,Bug,0.85,3240
INC-1050,Replication lag spike,Bug,Database Issues,P2,High,Resolved,2025-11-18 20:52:00,2025-11-19 15:52:00,FYI - Read replica falling 45 minutes behind primary.,Read replica falling 45 minutes behind primary. Analytics queries returning stale data.,"Reporting dashboards showing incorrect figures, business decisions affected.",Reporting DB,Production,MySQL,Long-running migration on primary blocked replication slot.,1. Cancelled migration. 2. Rescheduled for off-peak. 3. Monitored lag until recovered.,False,False,False,Bug,Bug,0.91,1140
INC-1051,API returning 500s,Bug,Application / Backend Issues,P2,High,Closed,2025-10-24 20:20:00,2025-10-29 14:20:00,Checkout API is failing with 500 Internal Server Error. It was working fine yesterday.,"Spike in 500 status codes, logs show NullPointerException in payment module.",Users cannot complete checkout (approx 200 users affected).,Reporting Job,Production,"Go, Gin",Unhandled null value in payment payload from third-party provider.,1. Added null check. 2. Deployed hotfix. 3. Monitored error rates.,True,False,False,Bug,Bug,0.82,6840
INC-1052,Memory leak in backend service,Bug,Application / Backend Issues,P2,High,Closed,2025-10-25 07:51:00,2025-10-28 03:51:00,"Hey team, Backend service memory growing unboundedly, pods restarting.","RSS memory growing unboundedly, OOM killer terminating pods every 6 hours.",Service restarts causing 2-3 min downtime every 6 hours for all users.,Checkout Service,Production,"React, Node.js",Celery worker holding reference to large object after task completion.,1. Identified object with memory profiler. 2. Added explicit del. 3. Redeployed.,False,False,False,Bug,Bug,0.85,4080
INC-1053,One-off job failure,Bug,Misc / Edge / New Issues,P1,Critical,Resolved,2025-08-13 19:39:00,2025-08-15 07:39:00,"Urgent: Nightly report generation failed once at 3 AM, no recurrence.",Nightly report generation failed once at 3 AM. No recurrence.,"Finance team missing one daily report, manually regenerated.",Data Pipeline,Production,Python,Transient network blip to external API during report generation window.,1. Manually triggered report. 2. Added retry with exponential backoff. 3. Monitored.,True,True,False,Bug,Bug,0.89,2160
INC-1054,Feature not working,Incident,Application / Backend Issues,P2,Medium,Resolved,2025-09-10 03:55:00,2025-09-12 09:55:00,pls check ASAP: Export to CSV button does nothing.,"No network request sent when clicking export button, console shows JS TypeError.","Users unable to export reports, blocking end-of-day workflows.",Notification Service,Staging,"Python, FastAPI",Recent refactor broke event listener binding on dynamic elements.,1. Reverted UI component commit. 2. Cleared CDN cache. 3. Re-deployed.,False,False,True,Incident,Incident,0.81,3240
INC-1055,Automate log rotation configuration,Improvement / Task,Infrastructure / Cloud Issues,P2,Medium,Closed,2025-12-27 03:27:00,2026-01-01 00:27:00,FYI - Post-incident review flagged manual log rotation as a recurring operational risk across all nodes.,Post-incident review revealed manual log rotation as recurring risk.,Recurring risk of disk full incidents across all logging nodes.,EC2 Fleet,Production,"Elasticsearch, Linux",No standardised log rotation policy enforced via configuration management.,1. Added logrotate config to Ansible playbook. 2. Applied across fleet. 3. Tested.,True,True,False,Improvement / Task,Improvement / Task,0.75,7020
INC-1056,Token expiration issue,Incident,Authentication / Authorization Issues,P3,Medium,In Progress,2025-09-12 07:59:00,,Users getting randomly logged out mid-session. Please look into this.,Users getting randomly logged out mid-session. JWT validation failing for valid tokens.,"All users affected, session stability broken platform-wide.",IAM Module,Staging,Keycloak,Pending investigation,Pending investigation,True,True,False,Incident,Incident,0.74,
INC-1057,OAuth token refresh broken,Incident,Authentication / Authorization Issues,P3,Medium,Resolved,2026-01-12 12:51:00,2026-01-12 22:51:00,"API clients getting 401 after 1 hour, refresh token invalid. Please look into this.",API clients getting 401 after 1 hour. Refresh token call returns invalid_grant.,All API integrations failing after initial token expires.,Session Store,Production,Keycloak,Refresh token invalidated on any login event due to misconfigured session policy.,1. Identified session policy setting. 2. Disabled rotate-on-login. 3. Reissued tokens.,True,False,True,Incident,Incident,0.94,600
INC-1058,DNS resolution failing,Bug,Network / Connectivity Issues,P2,High,In Progress,2025-11-18 19:22:00,,FYI - Services cannot resolve internal and external domains intermittently.,Services intermittently failing to resolve internal and external domains.,Cascading failures across 4 services depending on external APIs.,CoreDNS,Staging,Kubernetes,Pending investigation,Pending investigation,True,False,False,Bug,Bug,0.95,
INC-1059,Add rate limiting to public API,Improvement / Task,Application / Backend Issues,P3,Low,Resolved,2026-01-19 08:32:00,2026-01-20 18:32:00,Tech debt item: Public API has no rate limiting. Identified during capacity planning — need to implement before launch.,"No immediate symptoms, identified during capacity planning review.",Risk of API abuse if not addressed before product launch.,Reporting Job,Production,"React, Node.js",Rate limiting was never implemented on public-facing endpoints.,1. Evaluated django-ratelimit. 2. Implemented per-IP throttle. 3. Tested with load script.,True,True,False,Improvement / Task,Improvement / Task,0.91,2040
INC-1060,Implement SLO-based alerting,Improvement / Task,Monitoring / Alert Noise,P3,Low,Closed,2025-09-10 05:37:00,2025-09-11 10:37:00,Tech debt item: Current alerts track symptoms not reliability targets. Need to define SLOs and error budget alerts.,"Current alerts track symptoms, not user-facing reliability targets.",Hard to know if reliability commitments are being met.,PagerDuty,Production,"Datadog, PagerDuty","No SLOs defined, alerting purely infrastructure-focused.",1. Defined SLOs for 3 key services. 2. Implemented error budget alerts. 3. Created SLO dashboard.,False,False,False,Improvement / Task,Improvement / Task,0.96,1740
INC-1061,Replication lag spike,Incident,Database Issues,P1,Critical,In Progress,2025-11-24 21:39:00,,FYI - Read replica falling 45 minutes behind primary. Any ideas?,Read replica falling 45 minutes behind primary. Analytics queries returning stale data.,"Reporting dashboards showing incorrect figures, business decisions affected.",Analytics DB,Production,MySQL,Pending investigation,Pending investigation,False,False,True,Incident,Incident,0.71,
INC-1062,Intermittent packet loss,Bug,Network / Connectivity Issues,P3,Low,Closed,2025-08-23 19:50:00,2025-08-28 15:50:00,"Customer reported: 2-5% ping loss between nodes, TCP retransmits elevated.",Ping loss between nodes 2-5% intermittently. TCP retransmits elevated.,"Degraded performance for all real-time features, chat and notifications affected.",CoreDNS,Production,Istio,Faulty NIC on one hypervisor host causing CRC errors.,1. Identified host with mtr. 2. Migrated VMs. 3. Raised ticket with data centre.,False,False,False,Bug,Bug,0.74,6960
INC-1063,Grafana dashboard showing no data,Bug,Monitoring / Alert Noise,P3,Low,Resolved,2025-11-09 10:35:00,2025-11-09 16:35:00,Urgent: All Grafana panels showing No Data despite metrics being present.,All panels in production dashboard showing No Data. Metrics visible in Prometheus UI.,Operations team blind to production health.,Monitoring,Production,Prometheus,Grafana datasource URL changed after Prometheus pod rescheduled to new IP.,1. Updated datasource URL to use service DNS instead of pod IP. 2. Verified panels.,False,False,False,Bug,Bug,0.96,360
INC-1064,SSO login loop,Bug,Authentication / Authorization Issues,P2,Medium,Closed,2025-09-21 11:20:00,2025-09-23 07:20:00,Users redirected in infinite loop between app and SSO provider.,Users redirected in infinite loop between app and SSO provider. Never lands on dashboard.,"All SSO-based logins broken, affecting 80% of user base.",IAM Module,Production,Keycloak,Redirect URI mismatch after domain change not updated in SSO provider config.,1. Updated redirect URI in Keycloak. 2. Cleared browser cookies. 3. Verified login flow.,False,False,False,Bug,Bug,0.98,2640
INC-1065,Memory leak in backend service,Bug,Application / Backend Issues,P2,Medium,Closed,2026-01-10 06:46:00,2026-01-12 12:46:00,"Urgent: Backend service memory growing unboundedly, pods restarting.","RSS memory growing unboundedly, OOM killer terminating pods every 6 hours.",Service restarts causing 2-3 min downtime every 6 hours for all users.,Order API,Production,"Python, Django",Celery worker holding reference to large object after task completion.,1. Identified object with memory profiler. 2. Added explicit del. 3. Redeployed.,False,False,True,Incident,Bug,0.66,3240
INC-1066,Replication lag spike,Incident,Database Issues,P3,Medium,Resolved,2025-12-04 10:15:00,2025-12-07 04:15:00,Read replica falling 45 minutes behind primary. It was working fine yesterday.,Read replica falling 45 minutes behind primary. Analytics queries returning stale data.,"Reporting dashboards showing incorrect figures, business decisions affected.",Inventory DB,Production,"PostgreSQL, Flyway",Long-running migration on primary blocked replication slot.,1. Cancelled migration. 2. Rescheduled for off-peak. 3. Monitored lag until recovered.,False,False,True,Incident,Incident,0.74,3960
INC-1067,One-off job failure,Incident,Misc / Edge / New Issues,P2,High,In Progress,2025-08-30 20:15:00,,"Nightly report generation failed once at 3 AM, no recurrence.",Nightly report generation failed once at 3 AM. No recurrence.,"Finance team missing one daily report, manually regenerated.",Data Pipeline,Production,"Celery, Redis",Pending investigation,Pending investigation,False,False,False,Incident,Incident,0.98,
INC-1068,API returning 500s,Incident,Application / Backend Issues,P3,Medium,Resolved,2026-01-23 19:33:00,2026-01-24 00:33:00,pls check ASAP: Checkout API is failing with 500 Internal Server Error.,"Spike in 500 status codes, logs show NullPointerException in payment module.",Users cannot complete checkout (approx 200 users affected).,Analytics API,Production,"Python, Django",Unhandled null value in payment payload from third-party provider.,1. Added null check. 2. Deployed hotfix. 3. Monitored error rates.,True,True,True,Incident,Incident,0.95,300
INC-1069,High CPU on worker nodes,Bug,Infrastructure / Cloud Issues,P3,Low,Resolved,2025-08-10 12:07:00,2025-08-12 03:07:00,"Node CPU at 95%+, multiple pods throttled.",Node CPU at 95%+. Multiple pods throttled causing cascading slowdowns.,"System-wide latency spike, 3 services degraded simultaneously.",Celery Workers,Staging,"AWS EC2, Python",Runaway Celery task consuming CPU due to infinite retry loop on bad message.,1. Identified task with top. 2. Purged queue. 3. Added max_retries to task config.,False,False,False,Bug,Bug,0.78,2340
INC-1070,Service unreachable,Bug,Network / Connectivity Issues,P2,Medium,Resolved,2026-01-13 19:07:00,2026-01-14 00:07:00,"Auth service cannot reach User service, connection refused. Need a fix ASAP.",Auth service cannot reach User service. Connection refused on port 8080.,Login broken for all users.,VPN Gateway,Production,"Nginx, AWS ALB",NetworkPolicy accidentally blocking inter-service traffic after namespace migration.,1. Identified with kubectl describe netpol. 2. Reverted policy YAML. 3. Verified connectivity.,True,True,False,Bug,Bug,0.89,300
INC-1071,Memory leak in backend service,Bug,Application / Backend Issues,P3,Low,Closed,2025-12-28 00:29:00,2026-01-01 09:29:00,"Hey team, Backend service memory growing unboundedly, pods restarting.","RSS memory growing unboundedly, OOM killer terminating pods every 6 hours.",Service restarts causing 2-3 min downtime every 6 hours for all users.,Order API,Production,"Python, Django",Celery worker holding reference to large object after task completion.,1. Identified object with memory profiler. 2. Added explicit del. 3. Redeployed.,False,False,False,Bug,Bug,0.88,6300
INC-1072,One-off job failure,Incident,Misc / Edge / New Issues,P3,Medium,Resolved,2025-11-01 20:48:00,2025-11-02 05:48:00,"Nightly report generation failed once at 3 AM, no recurrence. Need a fix ASAP.",Nightly report generation failed once at 3 AM. No recurrence.,"Finance team missing one daily report, manually regenerated.",Webapp,Staging,React,Transient network blip to external API during report generation window.,1. Manually triggered report. 2. Added retry with exponential backoff. 3. Monitored.,False,False,False,Incident,Incident,0.81,540
INC-1073,Pod crash looping,Incident,Infrastructure / Cloud Issues,P1,High,Resolved,2025-12-26 20:07:00,2025-12-28 07:07:00,"Payment service pods in CrashLoopBackOff, restarting every 30s.",CrashLoopBackOff on payment-service pods. Restarts every 30 seconds.,"Payment service fully down, all transactions failing.",ELK Stack,Production,"Kubernetes, Docker",Missing environment variable after config map was accidentally deleted.,1. Checked pod logs. 2. Restored config map from git. 3. Pods stabilised.,True,True,True,Incident,Incident,0.73,2100
INC-1074,Upgrade deprecated library,Improvement / Task,Application / Backend Issues,P2,Low,Resolved,2025-10-05 01:24:00,2025-10-06 14:24:00,Raising this for tracking: Dependabot flagged a critical CVE in the requests library. Need to upgrade to patched version.,Dependabot flagged critical CVE in requests library.,Potential SSRF vulnerability if exploited.,Order API,Production,"Python, Django",Dependency pinned to old version and never updated.,1. Upgraded to patched version. 2. Ran regression tests. 3. Deployed.,False,False,True,Improvement / Task,Improvement / Task,0.83,2220
INC-1075,ArgoCD app out of sync,Bug,CI/CD & Deployment Issues,P1,High,In Progress,2025-10-23 20:16:00,,CRITICAL: ArgoCD showing OutOfSync but sync fails with permission error.,ArgoCD showing app OutOfSync but sync button fails with permission error.,"Config changes not deploying, manual kubectl apply required as workaround.",Jenkins,Production,"ArgoCD, Kustomize",Pending investigation,Pending investigation,False,False,True,Incident,Bug,0.67,
INC-1076,Deployment rollback needed,Incident,CI/CD & Deployment Issues,P2,High,Resolved,2026-01-11 11:13:00,2026-01-13 08:13:00,CRITICAL: Error rate spiked to 15% within 5 minutes of deployment.,Error rate spiked to 15% within 5 minutes of deployment. Latency tripled.,"Significant user-facing degradation, revenue-impacting.",Jenkins,Production,"Jenkins, GitHub Actions",Breaking API change in new release not caught by test suite.,1. Rolled back via ArgoCD. 2. Error rate normalised. 3. Added integration test for API contract.,True,True,True,Incident,Incident,0.72,2700
INC-1077,Duplicate alerts firing,Incident,Monitoring / Alert Noise,P2,High,In Progress,2025-10-11 17:12:00,,Receiving 50+ PagerDuty pages for the same event within 2 minutes. It was working fine yesterday.,Receiving 50+ PagerDuty pages for the same CPU spike event within 2 minutes.,"On-call engineer overwhelmed, real alerts buried in noise.",Alertmanager,Staging,OpenTelemetry,Pending investigation,Pending investigation,True,True,True,Incident,Incident,0.97,
INC-1078,Docker image build failing,Bug,CI/CD & Deployment Issues,P3,Medium,Closed,2025-08-14 17:28:00,2025-08-16 19:28:00,CI failing at docker build with package not found error.,CI failing at docker build step: 'package not found'. Worked in local builds.,All deployments blocked for 3 services sharing this base image.,Jenkins,Production,GitLab CI,Upstream Alpine package repository changed package name in new version.,1. Pinned base image to specific digest. 2. Updated package name. 3. Rebuilt.,False,False,False,Bug,Bug,0.96,3000
INC-1079,Add automated smoke tests post-deploy,Improvement / Task,CI/CD & Deployment Issues,P3,Low,In Progress,2025-10-11 08:24:00,,FYI - Post-incident review showed deployment issues could be caught in 2 minutes with basic smoke tests.,Post-incident review showed deployment issue could have been caught in 2 minutes.,Deployments currently have no automated health validation step.,GitHub Actions Runner,Production,"Jenkins, GitHub Actions",Pending investigation,Pending investigation,False,False,False,Improvement / Task,Improvement / Task,0.75,
INC-1080,TLS certificate expired,Bug,Network / Connectivity Issues,P2,High,Resolved,2025-10-02 19:26:00,2025-10-05 05:26:00,"Hey team, Browser showing certificate error, all HTTPS traffic failing.",Browser showing certificate error on main domain. API clients failing SSL handshake.,"All external traffic failing, complete customer-facing outage.",Load Balancer,Staging,"WireGuard, Linux",cert-manager failed to renew certificate due to DNS challenge timeout.,1. Manually renewed via Let's Encrypt. 2. Fixed DNS challenge config. 3. Verified cert-manager auto-renew.,False,False,True,Bug,Bug,0.71,3480
INC-1081,OAuth token refresh broken,Bug,Authentication / Authorization Issues,P3,Low,Resolved,2025-12-04 16:17:00,2025-12-07 12:17:00,"API clients getting 401 after 1 hour, refresh token invalid. Need a fix ASAP.",API clients getting 401 after 1 hour. Refresh token call returns invalid_grant.,All API integrations failing after initial token expires.,API Gateway,Production,"LDAP, Active Directory",Refresh token invalidated on any login event due to misconfigured session policy.,1. Identified session policy setting. 2. Disabled rotate-on-login. 3. Reissued tokens.,False,False,False,Bug,Bug,0.72,4080
INC-1082,One-off job failure,Incident,Misc / Edge / New Issues,P3,Low,Resolved,2026-01-22 18:08:00,2026-01-25 02:08:00,"Nightly report generation failed once at 3 AM, no recurrence. Please look into this.",Nightly report generation failed once at 3 AM. No recurrence.,"Finance team missing one daily report, manually regenerated.",Webapp,Production,"Celery, Redis",Transient network blip to external API during report generation window.,1. Manually triggered report. 2. Added retry with exponential backoff. 3. Monitored.,False,False,True,Incident,Incident,0.83,3360
INC-1083,Grafana dashboard showing no data,Incident,Monitoring / Alert Noise,P3,Low,Resolved,2025-11-15 07:42:00,2025-11-17 04:42:00,Customer reported: All Grafana panels showing No Data despite metrics being present.,All panels in production dashboard showing No Data. Metrics visible in Prometheus UI.,Operations team blind to production health.,Alertmanager,Production,ELK Stack,Grafana datasource URL changed after Prometheus pod rescheduled to new IP.,1. Updated datasource URL to use service DNS instead of pod IP. 2. Verified panels.,False,False,True,Incident,Incident,0.72,2700
INC-1084,Deployment rollback needed,Bug,CI/CD & Deployment Issues,P3,Medium,Closed,2026-01-27 07:24:00,2026-01-27 10:24:00,"Hey team, Error rate spiked to 15% within 5 minutes of deployment.",Error rate spiked to 15% within 5 minutes of deployment. Latency tripled.,"Significant user-facing degradation, revenue-impacting.",Jenkins,Production,"ArgoCD, Kustomize",Breaking API change in new release not caught by test suite.,1. Rolled back via ArgoCD. 2. Error rate normalised. 3. Added integration test for API contract.,True,False,False,Bug,Bug,0.84,180
INC-1085,Implement mTLS across service mesh,Improvement / Task,Network / Connectivity Issues,P3,Medium,Resolved,2025-10-14 02:13:00,2025-10-16 10:13:00,Raising this for tracking: Security audit found internal service-to-service traffic is unencrypted. mTLS needs to be enforced.,Security audit found internal service-to-service traffic unencrypted.,Risk of lateral movement if network is compromised.,CoreDNS,Production,Cloudflare,"Istio mTLS set to PERMISSIVE mode, never enforced.",1. Gradually enabled STRICT mTLS per namespace. 2. Fixed services failing handshake. 3. Enforced globally.,False,False,False,Improvement / Task,Improvement / Task,0.86,3360
INC-1086,Node not ready in cluster,Incident,Infrastructure / Cloud Issues,P3,Low,Resolved,2025-11-28 04:49:00,2025-11-30 07:49:00,"Getting complaints that Kubernetes node showing NotReady, pods being evicted.",kubectl shows node in NotReady state. Pods evicted and rescheduled causing brief downtime.,"30% capacity reduction, some pods pending for 15 minutes.",Kubernetes Cluster,Production,"AWS EC2, Python",Kubelet ran out of memory due to log file accumulation on node.,1. Drained node. 2. Cleared logs. 3. Restarted kubelet. 4. Uncordoned.,False,False,True,Incident,Incident,0.98,3060
INC-1087,Memory leak in backend service,Incident,Application / Backend Issues,P2,Medium,Closed,2025-08-22 05:13:00,2025-08-23 13:13:00,"CRITICAL: Backend service memory growing unboundedly, pods restarting.","RSS memory growing unboundedly, OOM killer terminating pods every 6 hours.",Service restarts causing 2-3 min downtime every 6 hours for all users.,Notification Service,Production,"Go, Gin",Celery worker holding reference to large object after task completion.,1. Identified object with memory profiler. 2. Added explicit del. 3. Redeployed.,True,True,True,Incident,Incident,0.76,1920
INC-1088,Feature not working,Bug,Application / Backend Issues,P2,High,Closed,2025-08-09 11:37:00,2025-08-11 16:37:00,Urgent: Export to CSV button does nothing.,"No network request sent when clicking export button, console shows JS TypeError.","Users unable to export reports, blocking end-of-day workflows.",Order API,Staging,"Java, Spring Boot",Recent refactor broke event listener binding on dynamic elements.,1. Reverted UI component commit. 2. Cleared CDN cache. 3. Re-deployed.,False,False,False,Bug,Bug,0.81,3180
INC-1089,Add DB query performance monitoring,Improvement / Task,Database Issues,P3,Low,Closed,2026-01-06 02:24:00,2026-01-06 15:24:00,Slow queries only discovered reactively after user complaints. Need proactive query monitoring. Please look into this.,Slow queries only discovered reactively after user complaints.,No visibility into query performance trends before they cause incidents.,Inventory DB,Production,"MongoDB, Python","pg_stat_statements not enabled, no slow query logging configured.",1. Enabled pg_stat_statements. 2. Set log_min_duration_statement=500ms. 3. Added Grafana dashboard.,False,False,True,Improvement / Task,Improvement / Task,0.91,780
INC-1090,Intermittent packet loss,Incident,Network / Connectivity Issues,P3,Medium,Closed,2025-11-02 09:15:00,2025-11-05 09:15:00,"2-5% ping loss between nodes, TCP retransmits elevated. Need a fix ASAP.",Ping loss between nodes 2-5% intermittently. TCP retransmits elevated.,"Degraded performance for all real-time features, chat and notifications affected.",Load Balancer,Production,"WireGuard, Linux",Faulty NIC on one hypervisor host causing CRC errors.,1. Identified host with mtr. 2. Migrated VMs. 3. Raised ticket with data centre.,False,False,False,Incident,Incident,0.76,4320
INC-1091,Pod crash looping,Bug,Infrastructure / Cloud Issues,P3,Medium,Resolved,2025-10-07 07:45:00,2025-10-10 02:45:00,"FYI - Payment service pods in CrashLoopBackOff, restarting every 30s.",CrashLoopBackOff on payment-service pods. Restarts every 30 seconds.,"Payment service fully down, all transactions failing.",EC2 Fleet,Production,"Elasticsearch, Linux",Missing environment variable after config map was accidentally deleted.,1. Checked pod logs. 2. Restored config map from git. 3. Pods stabilised.,True,False,False,Bug,Bug,0.85,4020
INC-1092,Role misconfiguration,Incident,Authentication / Authorization Issues,P1,High,Resolved,2025-09-17 20:03:00,2025-09-19 08:03:00,Admin users getting 403 Forbidden on billing portal.,Admin users getting 403 Forbidden on billing portal. Role shown as correct in DB.,Finance team blocked from critical workflows.,IAM Module,Production,"OAuth2, Python",Accidental deletion of role-to-permission mapping during migration cleanup script.,1. Restored mapping from DB backup. 2. Cleared permission cache. 3. Verified admin access.,False,False,True,Incident,Incident,0.96,2160
INC-1093,Add rate limiting to public API,Improvement / Task,Application / Backend Issues,P2,Medium,Resolved,2025-12-17 12:32:00,2025-12-19 21:32:00,FYI - Public API has no rate limiting. Identified during capacity planning — need to implement before launch.,"No immediate symptoms, identified during capacity planning review.",Risk of API abuse if not addressed before product launch.,Order API,Production,"React, Node.js",Rate limiting was never implemented on public-facing endpoints.,1. Evaluated django-ratelimit. 2. Implemented per-IP throttle. 3. Tested with load script.,False,False,False,Improvement / Task,Improvement / Task,0.99,3420
INC-1094,Upgrade deprecated library,Improvement / Task,Application / Backend Issues,P2,Low,Resolved,2025-09-09 14:48:00,2025-09-11 10:48:00,FYI - Dependabot flagged a critical CVE in the requests library. Need to upgrade to patched version.,Dependabot flagged critical CVE in requests library.,Potential SSRF vulnerability if exploited.,Frontend Webapp,Production,"React, Node.js",Dependency pinned to old version and never updated.,1. Upgraded to patched version. 2. Ran regression tests. 3. Deployed.,False,False,False,Improvement / Task,Improvement / Task,0.88,2640
INC-1095,Slow query degrading API response,Incident,Application / Backend Issues,P1,High,Closed,2026-01-02 23:36:00,2026-01-05 03:36:00,Customer reported: Orders endpoint latency spiked from 200ms to 8 seconds.,P99 latency spiking from 200ms to 8s on /orders endpoint.,Order confirmation page timing out for ~15% of users.,Reporting Job,Staging,"Java, Spring Boot",Missing index on orders.created_at column after schema migration.,1. Ran EXPLAIN ANALYZE. 2. Added index concurrently. 3. Verified latency drop.,True,False,False,Incident,Incident,0.91,3120
INC-1096,Set up cluster autoscaler,Improvement / Task,Infrastructure / Cloud Issues,P3,Low,Resolved,2025-09-03 10:30:00,2025-09-04 22:30:00,FYI - During peak traffic pods go pending due to insufficient capacity. Manual scaling is causing too much toil.,"During peak traffic, pods pending due to insufficient node capacity.","Manual scaling required during traffic spikes, causing toil.",S3 Buckets,Production,"Ansible, Linux","Cluster autoscaler not configured, capacity managed entirely manually.",1. Installed cluster-autoscaler helm chart. 2. Set min/max node counts. 3. Load tested.,False,False,False,Improvement / Task,Improvement / Task,0.82,2160
INC-1097,Add retry logic to all external API calls,Improvement / Task,Misc / Edge / New Issues,P3,Low,Closed,2025-10-19 09:05:00,2025-10-24 03:05:00,Multiple transient failures in the past quarter required manual intervention. Need retry logic.,Multiple transient failures in past quarter with no automatic recovery.,Manual intervention required for recoverable errors.,Reporting Job,Staging,Node.js,No retry or circuit breaker pattern implemented for external calls.,1. Added tenacity-based retry decorator. 2. Applied to all HTTP client calls. 3. Tested.,True,False,False,Improvement / Task,Improvement / Task,0.71,6840
INC-1098,ArgoCD app out of sync,Bug,CI/CD & Deployment Issues,P3,Medium,Resolved,2025-11-13 13:10:00,2025-11-15 23:10:00,ArgoCD showing OutOfSync but sync fails with permission error. Need a fix ASAP.,ArgoCD showing app OutOfSync but sync button fails with permission error.,"Config changes not deploying, manual kubectl apply required as workaround.",CI/CD Pipeline,Production,GitLab CI,ArgoCD service account missing ClusterRole binding after RBAC audit cleanup.,1. Identified missing binding from RBAC diff. 2. Restored binding. 3. Synced app.,False,False,False,Bug,Bug,0.9,3480
INC-1099,Timeouts on Dashboard,Bug,Application / Backend Issues,P2,Medium,In Progress,2025-09-27 07:27:00,,Customer reported: Dashboard takes 30+ seconds to load and then times out.,"Gateway timeouts (504), high latency on /metrics endpoint.",All internal users experiencing slow load times.,Frontend Webapp,Production,"Python, FastAPI",Pending investigation,Pending investigation,True,False,False,Bug,Bug,0.92,
INC-1100,Upgrade deprecated library,Improvement / Task,Application / Backend Issues,P2,Low,Resolved,2026-01-04 01:20:00,2026-01-07 00:20:00,Dependabot flagged a critical CVE in the requests library. Need to upgrade to patched version.,Dependabot flagged critical CVE in requests library.,Potential SSRF vulnerability if exploited.,Analytics API,Production,"Python, FastAPI",Dependency pinned to old version and never updated.,1. Upgraded to patched version. 2. Ran regression tests. 3. Deployed.,False,False,False,Improvement / Task,Improvement / Task,0.74,4260
INC-1101,Background job not running,Bug,Application / Backend Issues,P3,Low,Resolved,2025-12-06 09:26:00,2025-12-08 12:26:00,Nightly report emails not being sent.,Nightly report emails not sent. Celery beat logs show task queued but never picked up.,Finance team missing daily summary reports.,Order API,Production,"Python, FastAPI",Redis connection pool exhausted; beat scheduler silently skipping tasks.,1. Restarted Redis. 2. Increased max connections. 3. Added alerting on queue depth.,False,False,False,Bug,Bug,0.74,3060
INC-1102,API returning 500s,Bug,Application / Backend Issues,P3,Low,Closed,2025-08-29 02:17:00,2025-08-29 19:17:00,FYI - Checkout API is failing with 500 Internal Server Error.,"Spike in 500 status codes, logs show NullPointerException in payment module.",Users cannot complete checkout (approx 200 users affected).,Checkout Service,Production,"Python, FastAPI",Unhandled null value in payment payload from third-party provider.,1. Added null check. 2. Deployed hotfix. 3. Monitored error rates.,True,True,False,Bug,Bug,0.86,1020
INC-1103,API returning 500s,Bug,Application / Backend Issues,P3,Low,Resolved,2025-08-02 19:47:00,2025-08-05 07:47:00,FYI - Checkout API is failing with 500 Internal Server Error.,"Spike in 500 status codes, logs show NullPointerException in payment module.",Users cannot complete checkout (approx 200 users affected).,Order API,Production,"Python, Django",Unhandled null value in payment payload from third-party provider.,1. Added null check. 2. Deployed hotfix. 3. Monitored error rates.,True,True,False,Bug,Bug,0.96,3600
INC-1104,Add MFA to admin portal,Bug,Authentication / Authorization Issues,P3,Low,Resolved,2025-10-07 00:59:00,2025-10-09 04:59:00,Raising this for tracking: Security review flagged admin portal as accessible with password only. MFA needs to be enforced.,Security review flagged admin portal accessible with password only.,Single factor auth on high-privilege accounts is a critical risk.,SSO Gateway,Production,"Node.js, JWT",MFA was descoped during initial launch and never revisited.,1. Integrated TOTP via auth service. 2. Enforced for admin role. 3. Enrolled all admins.,False,False,False,Improvement / Task,Bug,0.71,3120
INC-1105,Add MFA to admin portal,Improvement / Task,Authentication / Authorization Issues,P2,Medium,Closed,2025-11-03 10:37:00,2025-11-04 20:37:00,Raising this for tracking: Security review flagged admin portal as accessible with password only. MFA needs to be enforced.,Security review flagged admin portal accessible with password only.,Single factor auth on high-privilege accounts is a critical risk.,SSO Gateway,Production,"Node.js, JWT",MFA was descoped during initial launch and never revisited.,1. Integrated TOTP via auth service. 2. Enforced for admin role. 3. Enrolled all admins.,False,False,False,Improvement / Task,Improvement / Task,0.99,2040
INC-1106,S3 bucket access denied,Bug,Infrastructure / Cloud Issues,P2,High,Resolved,2026-01-04 04:29:00,2026-01-06 23:29:00,"Hey team, Application throwing AccessDenied on all file upload attempts.",Application throwing AccessDenied on all S3 PutObject calls.,File uploads broken for all users.,Load Balancer,Staging,"AWS EC2, Python",IAM role policy accidentally removed during infrastructure-as-code refactor.,1. Identified missing statement in Terraform diff. 2. Re-applied policy. 3. Verified uploads.,False,False,False,Bug,Bug,0.98,4020
INC-1107,Implement mTLS across service mesh,Improvement / Task,Network / Connectivity Issues,P2,Medium,Resolved,2025-11-15 13:59:00,2025-11-15 20:59:00,FYI - Security audit found internal service-to-service traffic is unencrypted. mTLS needs to be enforced.,Security audit found internal service-to-service traffic unencrypted.,Risk of lateral movement if network is compromised.,VPN Gateway,Production,"Nginx, AWS ALB","Istio mTLS set to PERMISSIVE mode, never enforced.",1. Gradually enabled STRICT mTLS per namespace. 2. Fixed services failing handshake. 3. Enforced globally.,False,False,True,Improvement / Task,Improvement / Task,0.7,420
INC-1108,Timeouts on Dashboard,Bug,Application / Backend Issues,P3,Low,Resolved,2025-12-08 03:37:00,2025-12-09 12:37:00,Dashboard takes 30+ seconds to load and then times out. Please look into this.,"Gateway timeouts (504), high latency on /metrics endpoint.",All internal users experiencing slow load times.,Checkout Service,Production,"Go, Gin",Inefficient data aggregation logic causing N+1 database queries.,1. Temporarily disabled heavy widget. 2. Restarted API pods. 3. Optimised query with JOIN.,False,False,True,Bug,Bug,0.81,1980
INC-1109,Duplicate alerts firing,Bug,Monitoring / Alert Noise,P2,High,In Progress,2025-09-13 19:30:00,,Receiving 50+ PagerDuty pages for the same event within 2 minutes. It was working fine yesterday.,Receiving 50+ PagerDuty pages for the same CPU spike event within 2 minutes.,"On-call engineer overwhelmed, real alerts buried in noise.",PagerDuty,Staging,Prometheus,Pending investigation,Pending investigation,True,True,True,Bug,Bug,0.98,
INC-1110,Deployment rollback needed,Incident,CI/CD & Deployment Issues,P2,High,Resolved,2025-09-09 08:22:00,2025-09-11 15:22:00,Getting complaints that Error rate spiked to 15% within 5 minutes of deployment.,Error rate spiked to 15% within 5 minutes of deployment. Latency tripled.,"Significant user-facing degradation, revenue-impacting.",GitHub Actions Runner,Production,"ArgoCD, Kustomize",Breaking API change in new release not caught by test suite.,1. Rolled back via ArgoCD. 2. Error rate normalised. 3. Added integration test for API contract.,True,True,True,Incident,Incident,0.8,3300
INC-1111,Disk full on logging server,Bug,Infrastructure / Cloud Issues,P3,Low,Closed,2025-09-15 04:45:00,2025-09-16 01:45:00,"Customer reported: Unable to write logs, getting No Space Left on Device.","Unable to write logs, getting 'No Space Left on Device'. Elasticsearch unresponsive.","All log ingestion stopped, monitoring blind for duration of incident.",EC2 Fleet,Production,"Kubernetes, Docker",Log rotation cron job failed silently due to permission change after OS upgrade.,1. Manually deleted old indices. 2. Fixed cron permissions. 3. Set up disk usage alert.,False,False,True,Bug,Bug,0.73,1260
INC-1112,Intermittent packet loss,Bug,Network / Connectivity Issues,P3,Low,Closed,2025-10-12 14:46:00,2025-10-13 14:46:00,"2-5% ping loss between nodes, TCP retransmits elevated. Please look into this.",Ping loss between nodes 2-5% intermittently. TCP retransmits elevated.,"Degraded performance for all real-time features, chat and notifications affected.",Load Balancer,Production,Cloudflare,Faulty NIC on one hypervisor host causing CRC errors.,1. Identified host with mtr. 2. Migrated VMs. 3. Raised ticket with data centre.,True,True,False,Bug,Bug,0.95,1440
INC-1113,Replication lag spike,Bug,Database Issues,P3,Medium,Closed,2026-01-07 20:38:00,2026-01-08 15:38:00,Read replica falling 45 minutes behind primary. It was working fine yesterday.,Read replica falling 45 minutes behind primary. Analytics queries returning stale data.,"Reporting dashboards showing incorrect figures, business decisions affected.",Analytics DB,Production,Redis,Long-running migration on primary blocked replication slot.,1. Cancelled migration. 2. Rescheduled for off-peak. 3. Monitored lag until recovered.,False,False,False,Bug,Bug,0.84,1140
INC-1114,Automate log rotation configuration,Improvement / Task,Infrastructure / Cloud Issues,P3,Medium,Resolved,2025-08-11 11:56:00,2025-08-12 07:56:00,Raising this for tracking: Post-incident review flagged manual log rotation as a recurring operational risk across all nodes.,Post-incident review revealed manual log rotation as recurring risk.,Recurring risk of disk full incidents across all logging nodes.,Celery Workers,Production,"Elasticsearch, Linux",No standardised log rotation policy enforced via configuration management.,1. Added logrotate config to Ansible playbook. 2. Applied across fleet. 3. Tested.,False,False,False,Improvement / Task,Improvement / Task,0.74,1200
INC-1115,Memory leak in backend service,Bug,Application / Backend Issues,P3,Medium,Closed,2025-10-19 14:38:00,2025-10-24 06:38:00,"Backend service memory growing unboundedly, pods restarting. Please look into this.","RSS memory growing unboundedly, OOM killer terminating pods every 6 hours.",Service restarts causing 2-3 min downtime every 6 hours for all users.,Checkout Service,Production,"Python, FastAPI",Celery worker holding reference to large object after task completion.,1. Identified object with memory profiler. 2. Added explicit del. 3. Redeployed.,False,False,False,Bug,Bug,0.89,6720
INC-1116,Timeouts on Dashboard,Incident,Application / Backend Issues,P2,High,Resolved,2025-11-07 14:39:00,2025-11-08 01:39:00,Dashboard takes 30+ seconds to load and then times out.,"Gateway timeouts (504), high latency on /metrics endpoint.",All internal users experiencing slow load times.,Analytics API,Production,"Python, Django",Inefficient data aggregation logic causing N+1 database queries.,1. Temporarily disabled heavy widget. 2. Restarted API pods. 3. Optimised query with JOIN.,False,False,True,Incident,Incident,0.95,660
INC-1117,Deadlock errors in transaction logs,Bug,Database Issues,P3,Low,Resolved,2025-12-31 05:30:00,2026-01-02 23:30:00,Intermittent deadlock exceptions in order processing every 2 hours. Please look into this.,Intermittent deadlock exceptions in order processing service every ~2 hours.,Approximately 0.5% of orders failing and requiring manual retry.,Inventory DB,Production,"MongoDB, Python",Two services acquiring locks on orders and inventory tables in opposite order.,1. Identified lock order from pg_locks. 2. Standardised lock acquisition order. 3. Deployed.,True,True,True,Bug,Bug,0.85,3960
INC-1118,Service unreachable,Bug,Network / Connectivity Issues,P2,High,Closed,2025-09-07 14:02:00,2025-09-07 15:02:00,"Auth service cannot reach User service, connection refused. Please look into this.",Auth service cannot reach User service. Connection refused on port 8080.,Login broken for all users.,Load Balancer,Production,Istio,NetworkPolicy accidentally blocking inter-service traffic after namespace migration.,1. Identified with kubectl describe netpol. 2. Reverted policy YAML. 3. Verified connectivity.,True,True,False,Bug,Bug,0.73,60
INC-1119,Database migration failed,Improvement / Task,Database Issues,P3,Medium,Resolved,2025-08-23 11:37:00,2025-08-25 17:37:00,"Deploy pipeline failed at migration step, schema in inconsistent state. Please look into this.",Deploy pipeline failed at migration step. Service rolled back but DB partially migrated.,"Inconsistent schema state, one feature broken until fixed.",Main DB,Production,"MongoDB, Python",Non-transactional DDL statement (adding index) inside transaction block.,1. Ran compensating migration manually. 2. Verified schema. 3. Fixed migration script.,False,False,True,Incident,Improvement / Task,0.64,3240
INC-1120,Implement mTLS across service mesh,Improvement / Task,Network / Connectivity Issues,P3,Medium,Closed,2025-09-20 02:36:00,2025-09-24 23:36:00,Security audit found internal service-to-service traffic is unencrypted. mTLS needs to be enforced.,Security audit found internal service-to-service traffic unencrypted.,Risk of lateral movement if network is compromised.,CoreDNS,Production,"Nginx, AWS ALB","Istio mTLS set to PERMISSIVE mode, never enforced.",1. Gradually enabled STRICT mTLS per namespace. 2. Fixed services failing handshake. 3. Enforced globally.,False,False,False,Improvement / Task,Improvement / Task,0.81,7020
INC-1121,Implement connection pooling,Improvement / Task,Database Issues,P3,Medium,Resolved,2025-11-12 21:44:00,2025-11-12 23:44:00,Tech debt item: DB connection count grows linearly with service instances. Risk of exhaustion as we scale.,DB connection count growing linearly with service instances.,Risk of connection exhaustion as we scale horizontally.,Reporting DB,Production,Redis,Services connecting directly to DB without a connection pooler.,1. Evaluated PgBouncer. 2. Deployed in transaction mode. 3. Tuned pool sizes.,False,False,False,Improvement / Task,Improvement / Task,0.9,120
INC-1122,Role misconfiguration,Incident,Authentication / Authorization Issues,P3,Low,Closed,2026-01-07 06:36:00,2026-01-07 19:36:00,Admin users getting 403 Forbidden on billing portal. It was working fine yesterday.,Admin users getting 403 Forbidden on billing portal. Role shown as correct in DB.,Finance team blocked from critical workflows.,SSO Gateway,Production,"Redis, Node.js",Accidental deletion of role-to-permission mapping during migration cleanup script.,1. Restored mapping from DB backup. 2. Cleared permission cache. 3. Verified admin access.,False,False,False,Incident,Incident,0.94,780
INC-1123,Docker image build failing,Bug,CI/CD & Deployment Issues,P3,Low,Resolved,2025-10-11 11:41:00,2025-10-11 20:41:00,"Hey team, CI failing at docker build with package not found error.",CI failing at docker build step: 'package not found'. Worked in local builds.,All deployments blocked for 3 services sharing this base image.,GitHub Actions Runner,Production,"Jenkins, GitHub Actions",Upstream Alpine package repository changed package name in new version.,1. Pinned base image to specific digest. 2. Updated package name. 3. Rebuilt.,False,False,False,Bug,Bug,0.75,540
INC-1124,Feature not working,Incident,Application / Backend Issues,P2,High,Resolved,2025-11-29 14:48:00,2025-11-30 03:48:00,CRITICAL: Export to CSV button does nothing.,"No network request sent when clicking export button, console shows JS TypeError.","Users unable to export reports, blocking end-of-day workflows.",Checkout Service,Production,"Python, Django",Recent refactor broke event listener binding on dynamic elements.,1. Reverted UI component commit. 2. Cleared CDN cache. 3. Re-deployed.,False,False,False,Incident,Incident,0.72,780
INC-1125,Autovacuum not keeping up,Bug,Database Issues,P3,Low,Closed,2026-01-20 06:31:00,2026-01-23 12:31:00,"Urgent: Table bloat increasing, query times gradually degrading.","Table bloat increasing, query times gradually degrading over 2 weeks.",Slow degradation of query performance across reporting module.,Inventory DB,Production,Redis,Autovacuum cost delay too high for write-heavy reporting table.,1. Ran manual VACUUM ANALYZE. 2. Tuned autovacuum_cost_delay. 3. Monitored bloat.,True,True,False,Bug,Bug,0.7,4680
INC-1126,High CPU on worker nodes,Bug,Infrastructure / Cloud Issues,P3,Low,Resolved,2025-12-14 01:43:00,2025-12-15 21:43:00,"FYI - Node CPU at 95%+, multiple pods throttled.",Node CPU at 95%+. Multiple pods throttled causing cascading slowdowns.,"System-wide latency spike, 3 services degraded simultaneously.",Load Balancer,Production,"Kubernetes, Docker",Runaway Celery task consuming CPU due to infinite retry loop on bad message.,1. Identified task with top. 2. Purged queue. 3. Added max_retries to task config.,True,True,False,Bug,Bug,0.94,2640
INC-1127,Deployment rollback needed,Incident,CI/CD & Deployment Issues,P2,Medium,Resolved,2026-01-02 23:59:00,2026-01-04 13:59:00,FYI - Error rate spiked to 15% within 5 minutes of deployment. Any ideas?,Error rate spiked to 15% within 5 minutes of deployment. Latency tripled.,"Significant user-facing degradation, revenue-impacting.",CI/CD Pipeline,Production,GitLab CI,Breaking API change in new release not caught by test suite.,1. Rolled back via ArgoCD. 2. Error rate normalised. 3. Added integration test for API contract.,True,True,True,Incident,Incident,0.78,2280
INC-1128,API returning 500s,Bug,Application / Backend Issues,P2,Medium,Resolved,2025-11-16 04:07:00,2025-11-19 02:07:00,Checkout API is failing with 500 Internal Server Error. Please look into this.,"Spike in 500 status codes, logs show NullPointerException in payment module.",Users cannot complete checkout (approx 200 users affected).,Frontend Webapp,Staging,"Java, Spring Boot",Unhandled null value in payment payload from third-party provider.,1. Added null check. 2. Deployed hotfix. 3. Monitored error rates.,True,True,False,Bug,Bug,0.81,4200
INC-1129,DNS resolution failing,Bug,Network / Connectivity Issues,P2,Medium,Closed,2025-10-01 01:40:00,2025-10-04 20:40:00,Urgent: Services cannot resolve internal and external domains intermittently.,Services intermittently failing to resolve internal and external domains.,Cascading failures across 4 services depending on external APIs.,Load Balancer,Production,Istio,CoreDNS pods overwhelmed by DNS flood from misconfigured ndots setting.,1. Scaled CoreDNS replicas from 2 to 5. 2. Added ndots:1 to pod DNS config. 3. Verified resolution.,True,True,False,Bug,Bug,0.71,5460
INC-1130,API returning 500s,Incident,Application / Backend Issues,P2,High,Resolved,2025-11-22 08:06:00,2025-11-25 03:06:00,Checkout API is failing with 500 Internal Server Error. Please look into this.,"Spike in 500 status codes, logs show NullPointerException in payment module.",Users cannot complete checkout (approx 200 users affected).,Frontend Webapp,Production,"Java, Spring Boot",Unhandled null value in payment payload from third-party provider.,1. Added null check. 2. Deployed hotfix. 3. Monitored error rates.,True,True,True,Incident,Incident,0.79,4020
INC-1131,Autovacuum not keeping up,Incident,Database Issues,P3,Low,Closed,2026-01-06 13:34:00,2026-01-07 18:34:00,"CRITICAL: Table bloat increasing, query times gradually degrading.","Table bloat increasing, query times gradually degrading over 2 weeks.",Slow degradation of query performance across reporting module.,User DB,Production,"MongoDB, Python",Autovacuum cost delay too high for write-heavy reporting table.,1. Ran manual VACUUM ANALYZE. 2. Tuned autovacuum_cost_delay. 3. Monitored bloat.,False,False,False,Incident,Incident,0.94,1740
INC-1132,Database migration failed,Incident,Database Issues,P1,Critical,Resolved,2026-01-21 16:48:00,2026-01-24 01:48:00,"Urgent: Deploy pipeline failed at migration step, schema in inconsistent state.",Deploy pipeline failed at migration step. Service rolled back but DB partially migrated.,"Inconsistent schema state, one feature broken until fixed.",User DB,Production,"PostgreSQL, PgBouncer",Non-transactional DDL statement (adding index) inside transaction block.,1. Ran compensating migration manually. 2. Verified schema. 3. Fixed migration script.,False,False,True,Incident,Incident,0.98,3420
INC-1133,Webhook delivery failure,Bug,Misc / Edge / New Issues,P3,Low,Resolved,2025-08-08 14:08:00,2025-08-09 02:08:00,Third-party integration not receiving webhooks since last Tuesday.,Third-party integration not receiving webhooks since last Tuesday.,"Partner integration broken, manual workaround in place.",Webhook Handler,Production,"Airflow, Python","Webhook URL changed on partner side without notification, our side still hitting old URL.",1. Contacted partner. 2. Updated webhook URL. 3. Verified delivery resumed.,False,False,True,Incident,Bug,0.61,720
INC-1134,Token expiration issue,Bug,Authentication / Authorization Issues,P3,Low,Resolved,2025-08-22 20:14:00,2025-08-23 15:14:00,Users getting randomly logged out mid-session. Please look into this.,Users getting randomly logged out mid-session. JWT validation failing for valid tokens.,"All users affected, session stability broken platform-wide.",Auth Service,Staging,Keycloak,JWT signing key rotation job ran but new key not propagated to all auth pods.,1. Identified key mismatch in logs. 2. Restarted auth pods with correct key. 3. Forced re-login.,True,True,False,Bug,Bug,0.74,1140
INC-1135,Pipeline stuck,Incident,CI/CD & Deployment Issues,P2,Medium,Resolved,2025-10-20 00:12:00,2025-10-21 07:12:00,FYI - Production deployment pipeline hanging at build step for 2+ hours. Any ideas?,Production deployment pipeline hanging at build step for 2+ hours. No error output.,"Release blocked, hotfix cannot reach production.",Docker Registry,Production,"Jenkins, GitHub Actions",Deadlock in concurrent test step caused by shared file handle.,1. Aborted stuck job. 2. Cleared workspace. 3. Added timeout to test step. 4. Reran.,False,False,True,Incident,Incident,0.97,1860
INC-1136,Slow query degrading API response,Incident,Application / Backend Issues,P3,Low,Resolved,2025-09-17 09:02:00,2025-09-18 04:02:00,CRITICAL: Orders endpoint latency spiked from 200ms to 8 seconds.,P99 latency spiking from 200ms to 8s on /orders endpoint.,Order confirmation page timing out for ~15% of users.,Analytics API,Production,"Python, FastAPI",Missing index on orders.created_at column after schema migration.,1. Ran EXPLAIN ANALYZE. 2. Added index concurrently. 3. Verified latency drop.,True,False,False,Incident,Incident,0.89,1140
INC-1137,API returning 500s,Incident,Application / Backend Issues,P3,Medium,Resolved,2025-08-16 18:21:00,2025-08-17 15:21:00,Checkout API is failing with 500 Internal Server Error. It was working fine yesterday.,"Spike in 500 status codes, logs show NullPointerException in payment module.",Users cannot complete checkout (approx 200 users affected).,Notification Service,Production,"Python, FastAPI",Unhandled null value in payment payload from third-party provider.,1. Added null check. 2. Deployed hotfix. 3. Monitored error rates.,True,False,True,Incident,Incident,0.77,1260
INC-1138,Autovacuum not keeping up,Bug,Database Issues,P2,Medium,Resolved,2025-10-16 17:30:00,2025-10-18 21:30:00,"FYI - Table bloat increasing, query times gradually degrading.","Table bloat increasing, query times gradually degrading over 2 weeks.",Slow degradation of query performance across reporting module.,Analytics DB,Production,"PostgreSQL, PgBouncer",Autovacuum cost delay too high for write-heavy reporting table.,1. Ran manual VACUUM ANALYZE. 2. Tuned autovacuum_cost_delay. 3. Monitored bloat.,True,True,False,Bug,Bug,0.87,3120
INC-1139,Connection pool exhausted,Incident,Database Issues,P1,Critical,Resolved,2025-08-16 23:45:00,2025-08-17 12:45:00,"Apps cannot connect to DB, throwing pool errors. Affecting multiple users.",Apps throwing 'connection pool exhausted'. DB CPU normal but no connections available.,"All DB-dependent services failing, complete platform outage.",Analytics DB,Production,"MongoDB, Python",Microservice leaking connections by not closing cursors in exception path.,1. Killed idle connections via pg_terminate_backend. 2. Restarted offending service. 3. Fixed cursor handling.,True,False,False,Incident,Incident,0.75,780
INC-1140,Timeouts on Dashboard,Incident,Application / Backend Issues,P1,Critical,Resolved,2025-09-20 04:00:00,2025-09-22 00:00:00,FYI - Dashboard takes 30+ seconds to load and then times out. Any ideas?,"Gateway timeouts (504), high latency on /metrics endpoint.",All internal users experiencing slow load times.,Notification Service,Production,"React, Node.js",Inefficient data aggregation logic causing N+1 database queries.,1. Temporarily disabled heavy widget. 2. Restarted API pods. 3. Optimised query with JOIN.,False,False,True,Incident,Incident,0.78,2640
INC-1141,OAuth token refresh broken,Bug,Authentication / Authorization Issues,P1,High,Resolved,2025-09-03 08:20:00,2025-09-05 22:20:00,"Hey team, API clients getting 401 after 1 hour, refresh token invalid.",API clients getting 401 after 1 hour. Refresh token call returns invalid_grant.,All API integrations failing after initial token expires.,API Gateway,Production,"Redis, Node.js",Refresh token invalidated on any login event due to misconfigured session policy.,1. Identified session policy setting. 2. Disabled rotate-on-login. 3. Reissued tokens.,False,False,False,Bug,Bug,0.83,3720
INC-1142,Set up cluster autoscaler,Improvement / Task,Infrastructure / Cloud Issues,P3,Medium,Resolved,2025-09-01 15:12:00,2025-09-02 19:12:00,Tech debt item: During peak traffic pods go pending due to insufficient capacity. Manual scaling is causing too much toil.,"During peak traffic, pods pending due to insufficient node capacity.","Manual scaling required during traffic spikes, causing toil.",EC2 Fleet,Production,"Kubernetes, Docker","Cluster autoscaler not configured, capacity managed entirely manually.",1. Installed cluster-autoscaler helm chart. 2. Set min/max node counts. 3. Load tested.,False,False,False,Improvement / Task,Improvement / Task,0.95,1680
INC-1143,S3 bucket access denied,Incident,Infrastructure / Cloud Issues,P3,Low,Closed,2026-01-03 17:34:00,2026-01-07 07:34:00,Application throwing AccessDenied on all file upload attempts. Please look into this.,Application throwing AccessDenied on all S3 PutObject calls.,File uploads broken for all users.,Celery Workers,Staging,"Ansible, Linux",IAM role policy accidentally removed during infrastructure-as-code refactor.,1. Identified missing statement in Terraform diff. 2. Re-applied policy. 3. Verified uploads.,True,True,True,Incident,Incident,0.94,5160
INC-1144,Disk full on logging server,Bug,Infrastructure / Cloud Issues,P3,Medium,Resolved,2026-01-05 22:34:00,2026-01-06 16:34:00,"Hey team, Unable to write logs, getting No Space Left on Device.","Unable to write logs, getting 'No Space Left on Device'. Elasticsearch unresponsive.","All log ingestion stopped, monitoring blind for duration of incident.",EC2 Fleet,Production,"Kubernetes, Docker",Log rotation cron job failed silently due to permission change after OS upgrade.,1. Manually deleted old indices. 2. Fixed cron permissions. 3. Set up disk usage alert.,True,True,True,Bug,Bug,0.89,1080
INC-1145,Pod crash looping,Bug,Infrastructure / Cloud Issues,P3,Medium,Resolved,2025-09-26 14:55:00,2025-09-28 05:55:00,"Customer reported: Payment service pods in CrashLoopBackOff, restarting every 30s.",CrashLoopBackOff on payment-service pods. Restarts every 30 seconds.,"Payment service fully down, all transactions failing.",Celery Workers,Production,"Terraform, AWS",Missing environment variable after config map was accidentally deleted.,1. Checked pod logs. 2. Restored config map from git. 3. Pods stabilised.,False,False,False,Bug,Bug,0.91,2340
INC-1146,Connection pool exhausted,Bug,Database Issues,P3,Low,Closed,2026-01-14 00:35:00,2026-01-18 15:35:00,"Customer reported: Apps cannot connect to DB, throwing pool errors.",Apps throwing 'connection pool exhausted'. DB CPU normal but no connections available.,"All DB-dependent services failing, complete platform outage.",Inventory DB,Production,Redis,Microservice leaking connections by not closing cursors in exception path.,1. Killed idle connections via pg_terminate_backend. 2. Restarted offending service. 3. Fixed cursor handling.,True,True,False,Bug,Bug,0.89,6660
INC-1147,DNS resolution failing,Improvement / Task,Network / Connectivity Issues,P1,Critical,Resolved,2025-09-06 18:56:00,2025-09-07 19:56:00,pls check ASAP: Services cannot resolve internal and external domains intermittently.,Services intermittently failing to resolve internal and external domains.,Cascading failures across 4 services depending on external APIs.,CoreDNS,Production,"WireGuard, Linux",CoreDNS pods overwhelmed by DNS flood from misconfigured ndots setting.,1. Scaled CoreDNS replicas from 2 to 5. 2. Added ndots:1 to pod DNS config. 3. Verified resolution.,True,False,True,Incident,Improvement / Task,0.66,1500
INC-1148,API returning 500s,Bug,Application / Backend Issues,P2,High,Closed,2025-11-22 21:07:00,2025-11-25 21:07:00,"Hey team, Checkout API is failing with 500 Internal Server Error.","Spike in 500 status codes, logs show NullPointerException in payment module.",Users cannot complete checkout (approx 200 users affected).,Order API,Production,"Python, FastAPI",Unhandled null value in payment payload from third-party provider.,1. Added null check. 2. Deployed hotfix. 3. Monitored error rates.,False,False,False,Bug,Bug,0.86,4320
INC-1149,Refactor authentication middleware,Improvement / Task,Application / Backend Issues,P3,Low,Resolved,2026-01-20 15:01:00,2026-01-23 13:01:00,Tech debt item: Auth logic is duplicated across 7 views. Code review flagged this as a maintenance and security risk.,Code review flagged auth logic duplicated across 7 views.,Technical debt increasing risk of auth bypass in future changes.,Frontend Webapp,Production,"Go, Gin",Auth logic was copy-pasted during rapid feature development phase.,1. Extracted to reusable middleware. 2. Wrote unit tests. 3. Deployed incrementally.,False,False,False,Improvement / Task,Improvement / Task,0.78,4200
INC-1150,Duplicate alerts firing,Incident,Monitoring / Alert Noise,P2,High,Resolved,2025-09-16 12:43:00,2025-09-17 19:43:00,Receiving 50+ PagerDuty pages for the same event within 2 minutes. Need a fix ASAP.,Receiving 50+ PagerDuty pages for the same CPU spike event within 2 minutes.,"On-call engineer overwhelmed, real alerts buried in noise.",Datadog,Staging,ELK Stack,Alertmanager group_wait and group_interval misconfigured after config refactor.,1. Updated group_wait=30s and group_interval=5m. 2. Reloaded config. 3. Tested with firing rule.,False,False,True,Incident,Incident,0.84,1860
INC-1151,DNS resolution failing,Incident,Network / Connectivity Issues,P2,High,Resolved,2025-08-09 03:42:00,2025-08-11 16:42:00,Customer reported: Services cannot resolve internal and external domains intermittently.,Services intermittently failing to resolve internal and external domains.,Cascading failures across 4 services depending on external APIs.,CoreDNS,Production,"Nginx, AWS ALB",CoreDNS pods overwhelmed by DNS flood from misconfigured ndots setting.,1. Scaled CoreDNS replicas from 2 to 5. 2. Added ndots:1 to pod DNS config. 3. Verified resolution.,True,True,False,Incident,Incident,0.9,3660
INC-1152,Node not ready in cluster,Incident,Infrastructure / Cloud Issues,P3,Medium,Resolved,2025-08-19 16:51:00,2025-08-22 12:51:00,"Kubernetes node showing NotReady, pods being evicted. Affecting multiple users.",kubectl shows node in NotReady state. Pods evicted and rescheduled causing brief downtime.,"30% capacity reduction, some pods pending for 15 minutes.",Celery Workers,Production,"Ansible, Linux",Kubelet ran out of memory due to log file accumulation on node.,1. Drained node. 2. Cleared logs. 3. Restarted kubelet. 4. Uncordoned.,False,False,True,Incident,Incident,0.74,4080
INC-1153,Rare data inconsistency,Bug,Misc / Edge / New Issues,P3,Medium,Resolved,2025-08-19 09:32:00,2025-08-21 03:32:00,"Hey team, Single record showing duplicate entry in user-facing table.",Single record showing duplicate entry in user-facing table. Cannot reproduce consistently.,Data integrity concern for one customer record.,Webhook Handler,Production,React,Race condition in concurrent write path under very specific timing.,1. Fixed duplicate manually. 2. Added unique constraint. 3. Reviewed concurrent write paths.,False,False,False,Bug,Bug,0.98,2520
INC-1154,Role misconfiguration,Improvement / Task,Authentication / Authorization Issues,P1,Critical,Resolved,2025-11-29 00:06:00,2025-12-01 07:06:00,Getting complaints that Admin users getting 403 Forbidden on billing portal.,Admin users getting 403 Forbidden on billing portal. Role shown as correct in DB.,Finance team blocked from critical workflows.,IAM Module,Staging,"Node.js, JWT",Accidental deletion of role-to-permission mapping during migration cleanup script.,1. Restored mapping from DB backup. 2. Cleared permission cache. 3. Verified admin access.,True,True,True,Incident,Improvement / Task,0.67,3300
INC-1155,Refactor authentication middleware,Improvement / Task,Application / Backend Issues,P3,Medium,Resolved,2025-11-21 04:13:00,2025-11-22 21:13:00,Raising this for tracking: Auth logic is duplicated across 7 views. Code review flagged this as a maintenance and security risk.,Code review flagged auth logic duplicated across 7 views.,Technical debt increasing risk of auth bypass in future changes.,Checkout Service,Staging,"Go, Gin",Auth logic was copy-pasted during rapid feature development phase.,1. Extracted to reusable middleware. 2. Wrote unit tests. 3. Deployed incrementally.,False,False,False,Improvement / Task,Improvement / Task,0.76,2460
INC-1156,Add MFA to admin portal,Improvement / Task,Authentication / Authorization Issues,P2,Medium,Closed,2026-01-17 02:32:00,2026-01-18 05:32:00,Security review flagged admin portal as accessible with password only. MFA needs to be enforced. Please look into this.,Security review flagged admin portal accessible with password only.,Single factor auth on high-privilege accounts is a critical risk.,IAM Module,Production,"OAuth2, Python",MFA was descoped during initial launch and never revisited.,1. Integrated TOTP via auth service. 2. Enforced for admin role. 3. Enrolled all admins.,False,False,False,Improvement / Task,Improvement / Task,0.96,1620
INC-1157,Duplicate alerts firing,Bug,Monitoring / Alert Noise,P2,High,Closed,2025-08-01 09:32:00,2025-08-04 15:32:00,FYI - Receiving 50+ PagerDuty pages for the same event within 2 minutes. Any ideas?,Receiving 50+ PagerDuty pages for the same CPU spike event within 2 minutes.,"On-call engineer overwhelmed, real alerts buried in noise.",Alertmanager,Production,"Datadog, PagerDuty",Alertmanager group_wait and group_interval misconfigured after config refactor.,1. Updated group_wait=30s and group_interval=5m. 2. Reloaded config. 3. Tested with firing rule.,False,False,False,Incident,Bug,0.65,4680
INC-1158,Database migration failed,Bug,Database Issues,P2,High,Closed,2025-12-03 10:31:00,2025-12-05 18:31:00,"Urgent: Deploy pipeline failed at migration step, schema in inconsistent state.",Deploy pipeline failed at migration step. Service rolled back but DB partially migrated.,"Inconsistent schema state, one feature broken until fixed.",User DB,Production,"PostgreSQL, Flyway",Non-transactional DDL statement (adding index) inside transaction block.,1. Ran compensating migration manually. 2. Verified schema. 3. Fixed migration script.,False,False,False,Bug,Bug,0.78,3360
INC-1159,Deadlock errors in transaction logs,Incident,Database Issues,P2,High,Closed,2025-09-22 10:11:00,2025-09-25 18:11:00,CRITICAL: Intermittent deadlock exceptions in order processing every 2 hours.,Intermittent deadlock exceptions in order processing service every ~2 hours.,Approximately 0.5% of orders failing and requiring manual retry.,Inventory DB,Staging,Redis,Two services acquiring locks on orders and inventory tables in opposite order.,1. Identified lock order from pg_locks. 2. Standardised lock acquisition order. 3. Deployed.,True,False,True,Incident,Incident,0.88,4800
INC-1160,One-off job failure,Bug,Misc / Edge / New Issues,P2,High,In Progress,2025-08-25 09:09:00,,"Nightly report generation failed once at 3 AM, no recurrence. Please look into this.",Nightly report generation failed once at 3 AM. No recurrence.,"Finance team missing one daily report, manually regenerated.",Scheduler,Staging,"Celery, Redis",Pending investigation,Pending investigation,False,False,False,Bug,Bug,0.73,
INC-1161,TLS certificate expired,Incident,Network / Connectivity Issues,P3,Medium,Closed,2025-09-09 09:16:00,2025-09-13 10:16:00,"Browser showing certificate error, all HTTPS traffic failing. It was working fine yesterday.",Browser showing certificate error on main domain. API clients failing SSL handshake.,"All external traffic failing, complete customer-facing outage.",CoreDNS,Staging,Cloudflare,cert-manager failed to renew certificate due to DNS challenge timeout.,1. Manually renewed via Let's Encrypt. 2. Fixed DNS challenge config. 3. Verified cert-manager auto-renew.,True,True,False,Bug,Incident,0.59,5820
INC-1162,Token expiration issue,Bug,Authentication / Authorization Issues,P3,Low,Resolved,2025-10-16 15:25:00,2025-10-18 15:25:00,Users getting randomly logged out mid-session. It was working fine yesterday.,Users getting randomly logged out mid-session. JWT validation failing for valid tokens.,"All users affected, session stability broken platform-wide.",Session Store,Production,"Node.js, JWT",JWT signing key rotation job ran but new key not propagated to all auth pods.,1. Identified key mismatch in logs. 2. Restarted auth pods with correct key. 3. Forced re-login.,True,True,False,Bug,Bug,0.74,2880
INC-1163,API returning 500s,Incident,Application / Backend Issues,P2,Medium,Closed,2025-11-18 12:17:00,2025-11-19 16:17:00,Urgent: Checkout API is failing with 500 Internal Server Error.,"Spike in 500 status codes, logs show NullPointerException in payment module.",Users cannot complete checkout (approx 200 users affected).,Frontend Webapp,Production,"React, Node.js",Unhandled null value in payment payload from third-party provider.,1. Added null check. 2. Deployed hotfix. 3. Monitored error rates.,True,False,True,Incident,Incident,0.83,1680
INC-1164,Refactor authentication middleware,Improvement / Task,Application / Backend Issues,P3,Low,Resolved,2025-11-30 00:30:00,2025-11-30 16:30:00,Auth logic is duplicated across 7 views. Code review flagged this as a maintenance and security risk.,Code review flagged auth logic duplicated across 7 views.,Technical debt increasing risk of auth bypass in future changes.,Analytics API,Production,"Go, Gin",Auth logic was copy-pasted during rapid feature development phase.,1. Extracted to reusable middleware. 2. Wrote unit tests. 3. Deployed incrementally.,False,False,False,Improvement / Task,Improvement / Task,0.74,960
INC-1165,Slow query degrading API response,Bug,Application / Backend Issues,P2,Medium,In Progress,2025-10-08 03:53:00,,Customer reported: Orders endpoint latency spiked from 200ms to 8 seconds.,P99 latency spiking from 200ms to 8s on /orders endpoint.,Order confirmation page timing out for ~15% of users.,Checkout Service,Production,"Python, Django",Pending investigation,Pending investigation,True,False,False,Bug,Bug,0.7,
INC-1166,Pod crash looping,Bug,Infrastructure / Cloud Issues,P3,Low,Resolved,2025-11-26 20:29:00,2025-11-29 14:29:00,"Payment service pods in CrashLoopBackOff, restarting every 30s. It was working fine yesterday.",CrashLoopBackOff on payment-service pods. Restarts every 30 seconds.,"Payment service fully down, all transactions failing.",Load Balancer,Production,"Elasticsearch, Linux",Missing environment variable after config map was accidentally deleted.,1. Checked pod logs. 2. Restored config map from git. 3. Pods stabilised.,False,False,False,Bug,Bug,0.75,3960
INC-1167,Add rate limiting to public API,Improvement / Task,Application / Backend Issues,P3,Low,Resolved,2025-10-01 13:27:00,2025-10-01 23:27:00,Public API has no rate limiting. Identified during capacity planning — need to implement before launch. Please look into this.,"No immediate symptoms, identified during capacity planning review.",Risk of API abuse if not addressed before product launch.,Order API,Production,"Python, Django",Rate limiting was never implemented on public-facing endpoints.,1. Evaluated django-ratelimit. 2. Implemented per-IP throttle. 3. Tested with load script.,False,False,False,Improvement / Task,Improvement / Task,0.83,600
INC-1168,SSO login loop,Bug,Authentication / Authorization Issues,P2,Medium,Resolved,2026-01-14 22:56:00,2026-01-17 08:56:00,FYI - Users redirected in infinite loop between app and SSO provider.,Users redirected in infinite loop between app and SSO provider. Never lands on dashboard.,"All SSO-based logins broken, affecting 80% of user base.",IAM Module,Production,"OAuth2, Python",Redirect URI mismatch after domain change not updated in SSO provider config.,1. Updated redirect URI in Keycloak. 2. Cleared browser cookies. 3. Verified login flow.,False,False,True,Bug,Bug,0.87,3480
INC-1169,OAuth token refresh broken,Bug,Authentication / Authorization Issues,P3,Low,In Progress,2026-01-12 18:50:00,,"API clients getting 401 after 1 hour, refresh token invalid. It was working fine yesterday.",API clients getting 401 after 1 hour. Refresh token call returns invalid_grant.,All API integrations failing after initial token expires.,Session Store,Production,"Redis, Node.js",Pending investigation,Pending investigation,False,False,True,Bug,Bug,0.84,
INC-1170,Duplicate alerts firing,Bug,Monitoring / Alert Noise,P3,Medium,Resolved,2025-08-25 21:40:00,2025-08-26 06:40:00,Receiving 50+ PagerDuty pages for the same event within 2 minutes. Need a fix ASAP.,Receiving 50+ PagerDuty pages for the same CPU spike event within 2 minutes.,"On-call engineer overwhelmed, real alerts buried in noise.",Datadog,Staging,"Datadog, PagerDuty",Alertmanager group_wait and group_interval misconfigured after config refactor.,1. Updated group_wait=30s and group_interval=5m. 2. Reloaded config. 3. Tested with firing rule.,False,False,False,Bug,Bug,0.74,540
INC-1171,Deployment rollback needed,Bug,CI/CD & Deployment Issues,P3,Low,Resolved,2025-09-21 21:58:00,2025-09-24 14:58:00,Error rate spiked to 15% within 5 minutes of deployment. Need a fix ASAP.,Error rate spiked to 15% within 5 minutes of deployment. Latency tripled.,"Significant user-facing degradation, revenue-impacting.",Jenkins,Production,"Jenkins, GitHub Actions",Breaking API change in new release not caught by test suite.,1. Rolled back via ArgoCD. 2. Error rate normalised. 3. Added integration test for API contract.,True,True,False,Bug,Bug,0.9,3900
INC-1172,Implement mTLS across service mesh,Improvement / Task,Network / Connectivity Issues,P3,Low,In Progress,2025-11-19 03:23:00,,Raising this for tracking: Security audit found internal service-to-service traffic is unencrypted. mTLS needs to be enforced.,Security audit found internal service-to-service traffic unencrypted.,Risk of lateral movement if network is compromised.,VPN Gateway,Production,Kubernetes,Pending investigation,Pending investigation,False,False,False,Improvement / Task,Improvement / Task,0.93,
INC-1173,Slow query degrading API response,Incident,Application / Backend Issues,P1,High,Resolved,2025-12-18 08:18:00,2025-12-20 04:18:00,Getting complaints that Orders endpoint latency spiked from 200ms to 8 seconds.,P99 latency spiking from 200ms to 8s on /orders endpoint.,Order confirmation page timing out for ~15% of users.,Order API,Production,"React, Node.js",Missing index on orders.created_at column after schema migration.,1. Ran EXPLAIN ANALYZE. 2. Added index concurrently. 3. Verified latency drop.,True,False,True,Incident,Incident,0.76,2640
INC-1174,Deployment rollback needed,Bug,CI/CD & Deployment Issues,P3,Low,Closed,2025-09-26 01:07:00,2025-09-26 22:07:00,"Hey team, Error rate spiked to 15% within 5 minutes of deployment.",Error rate spiked to 15% within 5 minutes of deployment. Latency tripled.,"Significant user-facing degradation, revenue-impacting.",GitHub Actions Runner,Production,"Docker, AWS ECR",Breaking API change in new release not caught by test suite.,1. Rolled back via ArgoCD. 2. Error rate normalised. 3. Added integration test for API contract.,True,True,False,Bug,Bug,0.93,1260
INC-1175,Deployment rollback needed,Incident,CI/CD & Deployment Issues,P1,High,Resolved,2025-12-19 19:54:00,2025-12-21 08:54:00,Error rate spiked to 15% within 5 minutes of deployment. Need a fix ASAP.,Error rate spiked to 15% within 5 minutes of deployment. Latency tripled.,"Significant user-facing degradation, revenue-impacting.",CI/CD Pipeline,Production,"Jenkins, GitHub Actions",Breaking API change in new release not caught by test suite.,1. Rolled back via ArgoCD. 2. Error rate normalised. 3. Added integration test for API contract.,True,True,False,Incident,Incident,0.77,2220
INC-1176,Replication lag spike,Improvement / Task,Database Issues,P2,Medium,Resolved,2026-01-05 21:41:00,2026-01-06 20:41:00,FYI - Read replica falling 45 minutes behind primary. Any ideas?,Read replica falling 45 minutes behind primary. Analytics queries returning stale data.,"Reporting dashboards showing incorrect figures, business decisions affected.",User DB,Staging,MySQL,Long-running migration on primary blocked replication slot.,1. Cancelled migration. 2. Rescheduled for off-peak. 3. Monitored lag until recovered.,False,False,True,Incident,Improvement / Task,0.72,1380
INC-1177,Add rate limiting to public API,Improvement / Task,Application / Backend Issues,P3,Medium,In Progress,2026-01-06 21:54:00,,"Hey team, Public API has no rate limiting. Identified during capacity planning — need to implement before launch.","No immediate symptoms, identified during capacity planning review.",Risk of API abuse if not addressed before product launch.,Checkout Service,Production,"React, Node.js",Pending investigation,Pending investigation,False,False,True,Improvement / Task,Improvement / Task,0.8,
INC-1178,Node not ready in cluster,Bug,Infrastructure / Cloud Issues,P3,Medium,In Progress,2025-11-28 15:07:00,,"Kubernetes node showing NotReady, pods being evicted.",kubectl shows node in NotReady state. Pods evicted and rescheduled causing brief downtime.,"30% capacity reduction, some pods pending for 15 minutes.",Celery Workers,Staging,"AWS EC2, Python",Pending investigation,Pending investigation,True,True,False,Bug,Bug,0.9,
INC-1179,Slow query degrading API response,Bug,Application / Backend Issues,P2,Medium,Resolved,2026-01-28 09:54:00,2026-01-30 08:54:00,Orders endpoint latency spiked from 200ms to 8 seconds. Affecting multiple users.,P99 latency spiking from 200ms to 8s on /orders endpoint.,Order confirmation page timing out for ~15% of users.,Frontend Webapp,Production,"Java, Spring Boot",Missing index on orders.created_at column after schema migration.,1. Ran EXPLAIN ANALYZE. 2. Added index concurrently. 3. Verified latency drop.,False,False,True,Incident,Bug,0.73,2820
INC-1180,Node not ready in cluster,Incident,Infrastructure / Cloud Issues,P3,Medium,Resolved,2025-09-18 04:50:00,2025-09-20 02:50:00,"Kubernetes node showing NotReady, pods being evicted.",kubectl shows node in NotReady state. Pods evicted and rescheduled causing brief downtime.,"30% capacity reduction, some pods pending for 15 minutes.",S3 Buckets,Production,"AWS EC2, Python",Kubelet ran out of memory due to log file accumulation on node.,1. Drained node. 2. Cleared logs. 3. Restarted kubelet. 4. Uncordoned.,True,True,False,Incident,Incident,0.75,2760
INC-1181,Memory leak in backend service,Bug,Application / Backend Issues,P1,Critical,Resolved,2025-11-04 15:47:00,2025-11-05 06:47:00,"Urgent: Backend service memory growing unboundedly, pods restarting.","RSS memory growing unboundedly, OOM killer terminating pods every 6 hours.",Service restarts causing 2-3 min downtime every 6 hours for all users.,Notification Service,Production,"Java, Spring Boot",Celery worker holding reference to large object after task completion.,1. Identified object with memory profiler. 2. Added explicit del. 3. Redeployed.,False,False,False,Bug,Bug,0.73,900
INC-1182,DNS resolution failing,Incident,Network / Connectivity Issues,P2,High,Resolved,2025-12-11 21:07:00,2025-12-13 19:07:00,Services cannot resolve internal and external domains intermittently. Affecting multiple users.,Services intermittently failing to resolve internal and external domains.,Cascading failures across 4 services depending on external APIs.,API Gateway,Staging,Kubernetes,CoreDNS pods overwhelmed by DNS flood from misconfigured ndots setting.,1. Scaled CoreDNS replicas from 2 to 5. 2. Added ndots:1 to pod DNS config. 3. Verified resolution.,False,False,True,Incident,Incident,0.8,2760
INC-1183,Autovacuum not keeping up,Incident,Database Issues,P3,Medium,Closed,2025-12-30 15:22:00,2026-01-04 06:22:00,"Table bloat increasing, query times gradually degrading. Affecting multiple users.","Table bloat increasing, query times gradually degrading over 2 weeks.",Slow degradation of query performance across reporting module.,Inventory DB,Production,MySQL,Autovacuum cost delay too high for write-heavy reporting table.,1. Ran manual VACUUM ANALYZE. 2. Tuned autovacuum_cost_delay. 3. Monitored bloat.,False,False,False,Incident,Incident,0.95,6660
INC-1184,Token expiration issue,Incident,Authentication / Authorization Issues,P2,Medium,Resolved,2025-09-17 10:11:00,2025-09-18 18:11:00,Users getting randomly logged out mid-session. Need a fix ASAP.,Users getting randomly logged out mid-session. JWT validation failing for valid tokens.,"All users affected, session stability broken platform-wide.",SSO Gateway,Production,"Redis, Node.js",JWT signing key rotation job ran but new key not propagated to all auth pods.,1. Identified key mismatch in logs. 2. Restarted auth pods with correct key. 3. Forced re-login.,True,False,True,Incident,Incident,0.77,1920
INC-1185,Alert not firing for real outage,Incident,Monitoring / Alert Noise,P3,Low,In Progress,2025-08-22 10:41:00,,Customer reported: Service was down for 12 minutes before anyone noticed.,Service was down for 12 minutes before anyone noticed. No alert fired.,Delayed detection significantly worsened incident impact.,Grafana,Production,"Grafana, Loki",Pending investigation,Pending investigation,False,False,True,Incident,Incident,0.91,
INC-1186,Connection pool exhausted,Incident,Database Issues,P3,Medium,Resolved,2025-10-08 23:04:00,2025-10-10 13:04:00,"FYI - Apps cannot connect to DB, throwing pool errors. Any ideas?",Apps throwing 'connection pool exhausted'. DB CPU normal but no connections available.,"All DB-dependent services failing, complete platform outage.",User DB,Production,"PostgreSQL, PgBouncer",Microservice leaking connections by not closing cursors in exception path.,1. Killed idle connections via pg_terminate_backend. 2. Restarted offending service. 3. Fixed cursor handling.,True,True,False,Incident,Incident,0.86,2280
INC-1187,Autovacuum not keeping up,Incident,Database Issues,P3,Medium,Closed,2025-11-21 09:52:00,2025-11-23 13:52:00,"Hey team, Table bloat increasing, query times gradually degrading.","Table bloat increasing, query times gradually degrading over 2 weeks.",Slow degradation of query performance across reporting module.,Inventory DB,Production,"PostgreSQL, PgBouncer",Autovacuum cost delay too high for write-heavy reporting table.,1. Ran manual VACUUM ANALYZE. 2. Tuned autovacuum_cost_delay. 3. Monitored bloat.,False,False,False,Bug,Incident,0.7,3120
INC-1188,Rare data inconsistency,Bug,Misc / Edge / New Issues,P2,Medium,Resolved,2025-12-31 19:33:00,2026-01-01 01:33:00,Single record showing duplicate entry in user-facing table. Please look into this.,Single record showing duplicate entry in user-facing table. Cannot reproduce consistently.,Data integrity concern for one customer record.,Webhook Handler,Production,"Airflow, Python",Race condition in concurrent write path under very specific timing.,1. Fixed duplicate manually. 2. Added unique constraint. 3. Reviewed concurrent write paths.,True,False,False,Bug,Bug,0.85,360
INC-1189,Intermittent packet loss,Bug,Network / Connectivity Issues,P2,Medium,Closed,2025-12-30 00:45:00,2025-12-31 02:45:00,"2-5% ping loss between nodes, TCP retransmits elevated. Need a fix ASAP.",Ping loss between nodes 2-5% intermittently. TCP retransmits elevated.,"Degraded performance for all real-time features, chat and notifications affected.",Load Balancer,Production,"WireGuard, Linux",Faulty NIC on one hypervisor host causing CRC errors.,1. Identified host with mtr. 2. Migrated VMs. 3. Raised ticket with data centre.,False,False,False,Bug,Bug,0.96,1560
INC-1190,Pod crash looping,Incident,Infrastructure / Cloud Issues,P2,High,In Progress,2026-01-12 11:55:00,,"Payment service pods in CrashLoopBackOff, restarting every 30s. Need a fix ASAP.",CrashLoopBackOff on payment-service pods. Restarts every 30 seconds.,"Payment service fully down, all transactions failing.",S3 Buckets,Production,"Kubernetes, Docker",Pending investigation,Pending investigation,True,True,True,Incident,Incident,0.81,
INC-1191,Background job not running,Improvement / Task,Application / Backend Issues,P2,Medium,Resolved,2025-08-13 16:31:00,2025-08-15 20:31:00,"Hey team, Nightly report emails not being sent.",Nightly report emails not sent. Celery beat logs show task queued but never picked up.,Finance team missing daily summary reports.,Notification Service,Production,"Python, FastAPI",Redis connection pool exhausted; beat scheduler silently skipping tasks.,1. Restarted Redis. 2. Increased max connections. 3. Added alerting on queue depth.,False,False,True,Incident,Improvement / Task,0.65,3120
INC-1192,Deployment rollback needed,Incident,CI/CD & Deployment Issues,P3,Low,Resolved,2025-10-12 12:33:00,2025-10-13 06:33:00,Error rate spiked to 15% within 5 minutes of deployment. Need a fix ASAP.,Error rate spiked to 15% within 5 minutes of deployment. Latency tripled.,"Significant user-facing degradation, revenue-impacting.",ArgoCD,Staging,"ArgoCD, Kustomize",Breaking API change in new release not caught by test suite.,1. Rolled back via ArgoCD. 2. Error rate normalised. 3. Added integration test for API contract.,True,True,True,Incident,Incident,0.83,1080
INC-1193,Automate log rotation configuration,Improvement / Task,Infrastructure / Cloud Issues,P3,Low,Closed,2025-11-09 01:19:00,2025-11-13 07:19:00,Action item from last retro: Post-incident review flagged manual log rotation as a recurring operational risk across all nodes.,Post-incident review revealed manual log rotation as recurring risk.,Recurring risk of disk full incidents across all logging nodes.,Kubernetes Cluster,Production,"Ansible, Linux",No standardised log rotation policy enforced via configuration management.,1. Added logrotate config to Ansible playbook. 2. Applied across fleet. 3. Tested.,False,False,False,Improvement / Task,Improvement / Task,0.75,6120
INC-1194,TLS certificate expired,Incident,Network / Connectivity Issues,P3,Low,Resolved,2026-01-06 02:17:00,2026-01-08 07:17:00,"Browser showing certificate error, all HTTPS traffic failing. Please look into this.",Browser showing certificate error on main domain. API clients failing SSL handshake.,"All external traffic failing, complete customer-facing outage.",Internal Mesh,Production,"WireGuard, Linux",cert-manager failed to renew certificate due to DNS challenge timeout.,1. Manually renewed via Let's Encrypt. 2. Fixed DNS challenge config. 3. Verified cert-manager auto-renew.,True,True,False,Bug,Incident,0.74,3180
INC-1195,OAuth token refresh broken,Incident,Authentication / Authorization Issues,P3,Low,Resolved,2026-01-24 15:55:00,2026-01-26 18:55:00,"CRITICAL: API clients getting 401 after 1 hour, refresh token invalid.",API clients getting 401 after 1 hour. Refresh token call returns invalid_grant.,All API integrations failing after initial token expires.,SSO Gateway,Production,"OAuth2, Python",Refresh token invalidated on any login event due to misconfigured session policy.,1. Identified session policy setting. 2. Disabled rotate-on-login. 3. Reissued tokens.,False,False,True,Incident,Incident,0.97,3060
INC-1196,Deadlock errors in transaction logs,Incident,Database Issues,P1,High,Resolved,2025-11-17 04:25:00,2025-11-20 03:25:00,FYI - Intermittent deadlock exceptions in order processing every 2 hours. Any ideas?,Intermittent deadlock exceptions in order processing service every ~2 hours.,Approximately 0.5% of orders failing and requiring manual retry.,Main DB,Staging,"MongoDB, Python",Two services acquiring locks on orders and inventory tables in opposite order.,1. Identified lock order from pg_locks. 2. Standardised lock acquisition order. 3. Deployed.,False,False,False,Incident,Incident,0.7,4260
INC-1197,Service unreachable,Incident,Network / Connectivity Issues,P3,Low,Resolved,2025-11-24 22:43:00,2025-11-27 19:43:00,"Auth service cannot reach User service, connection refused. Need a fix ASAP.",Auth service cannot reach User service. Connection refused on port 8080.,Login broken for all users.,CoreDNS,Staging,"WireGuard, Linux",NetworkPolicy accidentally blocking inter-service traffic after namespace migration.,1. Identified with kubectl describe netpol. 2. Reverted policy YAML. 3. Verified connectivity.,False,False,True,Incident,Incident,0.73,4140
INC-1198,Pod crash looping,Bug,Infrastructure / Cloud Issues,P2,High,Resolved,2025-11-30 11:31:00,2025-12-02 03:31:00,"Payment service pods in CrashLoopBackOff, restarting every 30s.",CrashLoopBackOff on payment-service pods. Restarts every 30 seconds.,"Payment service fully down, all transactions failing.",Celery Workers,Production,"Terraform, AWS",Missing environment variable after config map was accidentally deleted.,1. Checked pod logs. 2. Restored config map from git. 3. Pods stabilised.,True,True,False,Bug,Bug,0.91,2400
INC-1199,Node not ready in cluster,Bug,Infrastructure / Cloud Issues,P3,Low,Resolved,2026-01-10 23:03:00,2026-01-11 22:03:00,"Kubernetes node showing NotReady, pods being evicted. Need a fix ASAP.",kubectl shows node in NotReady state. Pods evicted and rescheduled causing brief downtime.,"30% capacity reduction, some pods pending for 15 minutes.",S3 Buckets,Staging,"Elasticsearch, Linux",Kubelet ran out of memory due to log file accumulation on node.,1. Drained node. 2. Cleared logs. 3. Restarted kubelet. 4. Uncordoned.,True,False,True,Bug,Bug,0.75,1380
INC-1200,Add rate limiting to public API,Improvement / Task,Application / Backend Issues,P3,Medium,Resolved,2025-08-24 18:59:00,2025-08-26 05:59:00,Action item from last retro: Public API has no rate limiting. Identified during capacity planning — need to implement before launch.,"No immediate symptoms, identified during capacity planning review.",Risk of API abuse if not addressed before product launch.,Checkout Service,Production,"Python, FastAPI",Rate limiting was never implemented on public-facing endpoints.,1. Evaluated django-ratelimit. 2. Implemented per-IP throttle. 3. Tested with load script.,False,False,False,Improvement / Task,Improvement / Task,0.83,2100
INC-1201,Disk full on logging server,Bug,Infrastructure / Cloud Issues,P3,Medium,Closed,2025-10-29 00:31:00,2025-11-01 10:31:00,"Unable to write logs, getting No Space Left on Device. It was working fine yesterday.","Unable to write logs, getting 'No Space Left on Device'. Elasticsearch unresponsive.","All log ingestion stopped, monitoring blind for duration of incident.",Kubernetes Cluster,Production,"AWS EC2, Python",Log rotation cron job failed silently due to permission change after OS upgrade.,1. Manually deleted old indices. 2. Fixed cron permissions. 3. Set up disk usage alert.,True,False,False,Bug,Bug,0.89,4920
INC-1202,SSO login loop,Incident,Authentication / Authorization Issues,P3,Low,In Progress,2025-12-09 10:13:00,,Customer reported: Users redirected in infinite loop between app and SSO provider.,Users redirected in infinite loop between app and SSO provider. Never lands on dashboard.,"All SSO-based logins broken, affecting 80% of user base.",Auth Service,Staging,"LDAP, Active Directory",Pending investigation,Pending investigation,False,False,True,Incident,Incident,0.89,
INC-1203,Autovacuum not keeping up,Incident,Database Issues,P2,Medium,Resolved,2025-10-13 17:46:00,2025-10-15 15:46:00,"Getting complaints that Table bloat increasing, query times gradually degrading.","Table bloat increasing, query times gradually degrading over 2 weeks.",Slow degradation of query performance across reporting module.,Inventory DB,Staging,Redis,Autovacuum cost delay too high for write-heavy reporting table.,1. Ran manual VACUUM ANALYZE. 2. Tuned autovacuum_cost_delay. 3. Monitored bloat.,True,True,True,Incident,Incident,0.88,2760
INC-1204,Role misconfiguration,Bug,Authentication / Authorization Issues,P3,Low,Resolved,2025-10-24 16:58:00,2025-10-24 19:58:00,"Hey team, Admin users getting 403 Forbidden on billing portal.",Admin users getting 403 Forbidden on billing portal. Role shown as correct in DB.,Finance team blocked from critical workflows.,IAM Module,Production,"LDAP, Active Directory",Accidental deletion of role-to-permission mapping during migration cleanup script.,1. Restored mapping from DB backup. 2. Cleared permission cache. 3. Verified admin access.,True,True,False,Bug,Bug,0.75,180
INC-1205,Grafana dashboard showing no data,Incident,Monitoring / Alert Noise,P3,Low,Closed,2025-08-29 00:42:00,2025-08-31 17:42:00,FYI - All Grafana panels showing No Data despite metrics being present. Any ideas?,All panels in production dashboard showing No Data. Metrics visible in Prometheus UI.,Operations team blind to production health.,PagerDuty,Staging,"Datadog, PagerDuty",Grafana datasource URL changed after Prometheus pod rescheduled to new IP.,1. Updated datasource URL to use service DNS instead of pod IP. 2. Verified panels.,False,False,True,Incident,Incident,0.74,3900
INC-1206,Token expiration issue,Bug,Authentication / Authorization Issues,P3,Low,Closed,2025-08-18 00:24:00,2025-08-18 17:24:00,Users getting randomly logged out mid-session.,Users getting randomly logged out mid-session. JWT validation failing for valid tokens.,"All users affected, session stability broken platform-wide.",IAM Module,Staging,"Node.js, JWT",JWT signing key rotation job ran but new key not propagated to all auth pods.,1. Identified key mismatch in logs. 2. Restarted auth pods with correct key. 3. Forced re-login.,True,True,True,Bug,Bug,0.74,1020
INC-1207,Background job not running,Incident,Application / Backend Issues,P3,Low,Resolved,2025-09-17 16:05:00,2025-09-18 04:05:00,FYI - Nightly report emails not being sent. Any ideas?,Nightly report emails not sent. Celery beat logs show task queued but never picked up.,Finance team missing daily summary reports.,Reporting Job,Production,"Java, Spring Boot",Redis connection pool exhausted; beat scheduler silently skipping tasks.,1. Restarted Redis. 2. Increased max connections. 3. Added alerting on queue depth.,False,False,False,Incident,Incident,0.78,720
INC-1208,Duplicate alerts firing,Incident,Monitoring / Alert Noise,P3,Medium,In Progress,2025-09-23 09:25:00,,Urgent: Receiving 50+ PagerDuty pages for the same event within 2 minutes.,Receiving 50+ PagerDuty pages for the same CPU spike event within 2 minutes.,"On-call engineer overwhelmed, real alerts buried in noise.",Monitoring,Production,OpenTelemetry,Pending investigation,Pending investigation,False,False,False,Incident,Incident,0.93,
INC-1209,Tune alert thresholds to reduce noise,Improvement / Task,Monitoring / Alert Noise,P3,Low,Resolved,2025-08-05 04:09:00,2025-08-06 03:09:00,"FYI - On-call team receiving 30+ alerts per night, most not actionable. Need to tune thresholds.","On-call team receiving 30+ alerts per night, most not actionable.",Alert fatigue leading to delayed response on real incidents.,Alertmanager,Staging,Prometheus,"Alert thresholds set conservatively during initial setup, never revisited.",1. Analysed 30-day alert history. 2. Tuned thresholds per service SLA. 3. Reduced nightly alerts by 70%.,True,False,False,Improvement / Task,Improvement / Task,0.94,1380
INC-1210,Intermittent packet loss,Bug,Network / Connectivity Issues,P2,Medium,Resolved,2025-10-22 00:48:00,2025-10-23 14:48:00,"2-5% ping loss between nodes, TCP retransmits elevated. Please look into this.",Ping loss between nodes 2-5% intermittently. TCP retransmits elevated.,"Degraded performance for all real-time features, chat and notifications affected.",Internal Mesh,Staging,"WireGuard, Linux",Faulty NIC on one hypervisor host causing CRC errors.,1. Identified host with mtr. 2. Migrated VMs. 3. Raised ticket with data centre.,False,False,False,Bug,Bug,0.88,2280
INC-1211,ArgoCD app out of sync,Incident,CI/CD & Deployment Issues,P2,Medium,Closed,2025-08-04 00:50:00,2025-08-08 17:50:00,Getting complaints that ArgoCD showing OutOfSync but sync fails with permission error.,ArgoCD showing app OutOfSync but sync button fails with permission error.,"Config changes not deploying, manual kubectl apply required as workaround.",CI/CD Pipeline,Production,"Jenkins, GitHub Actions",ArgoCD service account missing ClusterRole binding after RBAC audit cleanup.,1. Identified missing binding from RBAC diff. 2. Restored binding. 3. Synced app.,True,False,False,Incident,Incident,0.84,6780
INC-1212,ArgoCD app out of sync,Bug,CI/CD & Deployment Issues,P2,High,Resolved,2026-01-17 21:45:00,2026-01-19 00:45:00,"Hey team, ArgoCD showing OutOfSync but sync fails with permission error.",ArgoCD showing app OutOfSync but sync button fails with permission error.,"Config changes not deploying, manual kubectl apply required as workaround.",CI/CD Pipeline,Production,"ArgoCD, Kustomize",ArgoCD service account missing ClusterRole binding after RBAC audit cleanup.,1. Identified missing binding from RBAC diff. 2. Restored binding. 3. Synced app.,False,False,False,Bug,Bug,0.85,1620
INC-1213,API returning 500s,Incident,Application / Backend Issues,P3,Low,Closed,2026-01-19 16:21:00,2026-01-24 08:21:00,pls check ASAP: Checkout API is failing with 500 Internal Server Error.,"Spike in 500 status codes, logs show NullPointerException in payment module.",Users cannot complete checkout (approx 200 users affected).,Notification Service,Staging,"Java, Spring Boot",Unhandled null value in payment payload from third-party provider.,1. Added null check. 2. Deployed hotfix. 3. Monitored error rates.,True,True,True,Incident,Incident,0.82,6720
INC-1214,Feature not working,Incident,Application / Backend Issues,P2,Medium,Resolved,2025-10-25 20:36:00,2025-10-27 00:36:00,pls check ASAP: Export to CSV button does nothing.,"No network request sent when clicking export button, console shows JS TypeError.","Users unable to export reports, blocking end-of-day workflows.",Order API,Production,"Java, Spring Boot",Recent refactor broke event listener binding on dynamic elements.,1. Reverted UI component commit. 2. Cleared CDN cache. 3. Re-deployed.,False,False,False,Incident,Incident,0.85,1680
INC-1215,S3 bucket access denied,Bug,Infrastructure / Cloud Issues,P2,High,In Progress,2025-08-27 10:19:00,,Application throwing AccessDenied on all file upload attempts.,Application throwing AccessDenied on all S3 PutObject calls.,File uploads broken for all users.,S3 Buckets,Production,"AWS EC2, Python",Pending investigation,Pending investigation,True,True,False,Bug,Bug,0.93,
INC-1216,Implement connection pooling,Improvement / Task,Database Issues,P3,Low,Closed,2025-09-25 06:41:00,2025-09-28 18:41:00,Action item from last retro: DB connection count grows linearly with service instances. Risk of exhaustion as we scale.,DB connection count growing linearly with service instances.,Risk of connection exhaustion as we scale horizontally.,User DB,Production,Redis,Services connecting directly to DB without a connection pooler.,1. Evaluated PgBouncer. 2. Deployed in transaction mode. 3. Tuned pool sizes.,True,True,True,Improvement / Task,Improvement / Task,0.92,5040
INC-1217,Connection pool exhausted,Incident,Database Issues,P1,Critical,In Progress,2025-12-09 01:42:00,,"Customer reported: Apps cannot connect to DB, throwing pool errors.",Apps throwing 'connection pool exhausted'. DB CPU normal but no connections available.,"All DB-dependent services failing, complete platform outage.",Analytics DB,Production,"MongoDB, Python",Pending investigation,Pending investigation,True,True,False,Incident,Incident,0.95,
INC-1218,High CPU on worker nodes,Incident,Infrastructure / Cloud Issues,P1,High,In Progress,2025-11-18 10:08:00,,"Customer reported: Node CPU at 95%+, multiple pods throttled.",Node CPU at 95%+. Multiple pods throttled causing cascading slowdowns.,"System-wide latency spike, 3 services degraded simultaneously.",Celery Workers,Production,"Elasticsearch, Linux",Pending investigation,Pending investigation,True,True,False,Incident,Incident,0.89,
INC-1219,Replication lag spike,Incident,Database Issues,P2,Medium,Closed,2026-01-21 13:43:00,2026-01-26 01:43:00,Read replica falling 45 minutes behind primary.,Read replica falling 45 minutes behind primary. Analytics queries returning stale data.,"Reporting dashboards showing incorrect figures, business decisions affected.",Reporting DB,Production,"PostgreSQL, PgBouncer",Long-running migration on primary blocked replication slot.,1. Cancelled migration. 2. Rescheduled for off-peak. 3. Monitored lag until recovered.,True,True,True,Incident,Incident,0.85,6480
INC-1220,Automate log rotation configuration,Bug,Infrastructure / Cloud Issues,P3,Medium,Resolved,2025-10-26 14:59:00,2025-10-27 13:59:00,Action item from last retro: Post-incident review flagged manual log rotation as a recurring operational risk across all nodes.,Post-incident review revealed manual log rotation as recurring risk.,Recurring risk of disk full incidents across all logging nodes.,Load Balancer,Production,"Ansible, Linux",No standardised log rotation policy enforced via configuration management.,1. Added logrotate config to Ansible playbook. 2. Applied across fleet. 3. Tested.,False,False,False,Improvement / Task,Bug,0.74,1380
INC-1221,Memory leak in backend service,Bug,Application / Backend Issues,P2,Medium,Resolved,2025-11-29 00:40:00,2025-12-01 11:40:00,"Urgent: Backend service memory growing unboundedly, pods restarting.","RSS memory growing unboundedly, OOM killer terminating pods every 6 hours.",Service restarts causing 2-3 min downtime every 6 hours for all users.,Frontend Webapp,Production,"Python, FastAPI",Celery worker holding reference to large object after task completion.,1. Identified object with memory profiler. 2. Added explicit del. 3. Redeployed.,True,True,False,Bug,Bug,0.94,3540
INC-1222,Add retry logic to all external API calls,Improvement / Task,Misc / Edge / New Issues,P2,Medium,Resolved,2025-08-31 01:04:00,2025-09-01 02:04:00,Multiple transient failures in the past quarter required manual intervention. Need retry logic.,Multiple transient failures in past quarter with no automatic recovery.,Manual intervention required for recoverable errors.,Scheduler,Production,"Airflow, Python",No retry or circuit breaker pattern implemented for external calls.,1. Added tenacity-based retry decorator. 2. Applied to all HTTP client calls. 3. Tested.,False,False,False,Improvement / Task,Improvement / Task,0.7,1500
INC-1223,DNS resolution failing,Incident,Network / Connectivity Issues,P1,Critical,Resolved,2025-09-30 12:03:00,2025-10-03 04:03:00,pls check ASAP: Services cannot resolve internal and external domains intermittently.,Services intermittently failing to resolve internal and external domains.,Cascading failures across 4 services depending on external APIs.,Load Balancer,Production,Istio,CoreDNS pods overwhelmed by DNS flood from misconfigured ndots setting.,1. Scaled CoreDNS replicas from 2 to 5. 2. Added ndots:1 to pod DNS config. 3. Verified resolution.,False,False,True,Incident,Incident,0.99,3840
INC-1224,Webhook delivery failure,Incident,Misc / Edge / New Issues,P1,High,Resolved,2025-09-02 00:12:00,2025-09-03 09:12:00,Third-party integration not receiving webhooks since last Tuesday.,Third-party integration not receiving webhooks since last Tuesday.,"Partner integration broken, manual workaround in place.",Reporting Job,Production,Node.js,"Webhook URL changed on partner side without notification, our side still hitting old URL.",1. Contacted partner. 2. Updated webhook URL. 3. Verified delivery resumed.,False,False,False,Incident,Incident,0.76,1980
INC-1225,Timeouts on Dashboard,Bug,Application / Backend Issues,P2,Medium,Resolved,2025-08-29 18:10:00,2025-09-01 02:10:00,Dashboard takes 30+ seconds to load and then times out. It was working fine yesterday.,"Gateway timeouts (504), high latency on /metrics endpoint.",All internal users experiencing slow load times.,Frontend Webapp,Staging,"React, Node.js",Inefficient data aggregation logic causing N+1 database queries.,1. Temporarily disabled heavy widget. 2. Restarted API pods. 3. Optimised query with JOIN.,False,False,False,Incident,Bug,0.58,3360
INC-1226,Alert not firing for real outage,Incident,Monitoring / Alert Noise,P1,Critical,Resolved,2025-10-11 17:02:00,2025-10-14 13:02:00,Urgent: Service was down for 12 minutes before anyone noticed.,Service was down for 12 minutes before anyone noticed. No alert fired.,Delayed detection significantly worsened incident impact.,Datadog,Production,OpenTelemetry,Alert rule targeting wrong metric label after Prometheus federation change.,1. Fixed label selector in alert rule. 2. Verified with promtool. 3. Added alert test.,False,False,False,Incident,Incident,0.82,4080
INC-1227,S3 bucket access denied,Bug,Infrastructure / Cloud Issues,P2,High,In Progress,2025-09-13 20:34:00,,Application throwing AccessDenied on all file upload attempts.,Application throwing AccessDenied on all S3 PutObject calls.,File uploads broken for all users.,ELK Stack,Production,"AWS EC2, Python",Pending investigation,Pending investigation,False,False,True,Incident,Bug,0.61,
INC-1228,Add automated smoke tests post-deploy,Improvement / Task,CI/CD & Deployment Issues,P3,Low,Resolved,2025-12-16 02:28:00,2025-12-17 00:28:00,Tech debt item: Post-incident review showed deployment issues could be caught in 2 minutes with basic smoke tests.,Post-incident review showed deployment issue could have been caught in 2 minutes.,Deployments currently have no automated health validation step.,ArgoCD,Production,"ArgoCD, Kustomize",Smoke test suite exists locally but never integrated into pipeline.,1. Added smoke test stage to Jenkins pipeline. 2. Auto-rollback on failure. 3. Tested.,False,False,True,Improvement / Task,Improvement / Task,0.84,1320
INC-1229,Memory leak in backend service,Bug,Application / Backend Issues,P2,Medium,Resolved,2026-01-16 22:40:00,2026-01-18 20:40:00,"Urgent: Backend service memory growing unboundedly, pods restarting.","RSS memory growing unboundedly, OOM killer terminating pods every 6 hours.",Service restarts causing 2-3 min downtime every 6 hours for all users.,Reporting Job,Production,"React, Node.js",Celery worker holding reference to large object after task completion.,1. Identified object with memory profiler. 2. Added explicit del. 3. Redeployed.,False,False,True,Bug,Bug,0.88,2760
INC-1230,Pod crash looping,Improvement / Task,Infrastructure / Cloud Issues,P2,Medium,Resolved,2026-01-13 12:51:00,2026-01-14 04:51:00,"Payment service pods in CrashLoopBackOff, restarting every 30s.",CrashLoopBackOff on payment-service pods. Restarts every 30 seconds.,"Payment service fully down, all transactions failing.",EC2 Fleet,Staging,"Elasticsearch, Linux",Missing environment variable after config map was accidentally deleted.,1. Checked pod logs. 2. Restored config map from git. 3. Pods stabilised.,True,True,False,Bug,Improvement / Task,0.57,960
INC-1231,Alert not firing for real outage,Bug,Monitoring / Alert Noise,P2,Medium,Resolved,2025-11-28 20:50:00,2025-12-01 01:50:00,Service was down for 12 minutes before anyone noticed. It was working fine yesterday.,Service was down for 12 minutes before anyone noticed. No alert fired.,Delayed detection significantly worsened incident impact.,Datadog,Production,OpenTelemetry,Alert rule targeting wrong metric label after Prometheus federation change.,1. Fixed label selector in alert rule. 2. Verified with promtool. 3. Added alert test.,False,False,False,Bug,Bug,0.77,3180
INC-1232,ArgoCD app out of sync,Bug,CI/CD & Deployment Issues,P1,High,Closed,2025-08-11 15:26:00,2025-08-14 09:26:00,ArgoCD showing OutOfSync but sync fails with permission error. Need a fix ASAP.,ArgoCD showing app OutOfSync but sync button fails with permission error.,"Config changes not deploying, manual kubectl apply required as workaround.",Jenkins,Production,"Jenkins, GitHub Actions",ArgoCD service account missing ClusterRole binding after RBAC audit cleanup.,1. Identified missing binding from RBAC diff. 2. Restored binding. 3. Synced app.,False,False,False,Bug,Bug,0.97,3960
INC-1233,Background job not running,Incident,Application / Backend Issues,P3,Medium,Closed,2026-01-11 15:58:00,2026-01-15 18:58:00,Nightly report emails not being sent. Need a fix ASAP.,Nightly report emails not sent. Celery beat logs show task queued but never picked up.,Finance team missing daily summary reports.,Checkout Service,Staging,"Python, FastAPI",Redis connection pool exhausted; beat scheduler silently skipping tasks.,1. Restarted Redis. 2. Increased max connections. 3. Added alerting on queue depth.,False,False,True,Incident,Incident,0.93,5940
INC-1234,SSO login loop,Bug,Authentication / Authorization Issues,P3,Medium,Resolved,2025-11-23 15:10:00,2025-11-24 05:10:00,Users redirected in infinite loop between app and SSO provider.,Users redirected in infinite loop between app and SSO provider. Never lands on dashboard.,"All SSO-based logins broken, affecting 80% of user base.",IAM Module,Production,"Node.js, JWT",Redirect URI mismatch after domain change not updated in SSO provider config.,1. Updated redirect URI in Keycloak. 2. Cleared browser cookies. 3. Verified login flow.,False,False,False,Bug,Bug,0.94,840
INC-1235,Refactor authentication middleware,Improvement / Task,Application / Backend Issues,P3,Medium,Closed,2026-01-16 14:09:00,2026-01-16 22:09:00,Auth logic is duplicated across 7 views. Code review flagged this as a maintenance and security risk. Please look into this.,Code review flagged auth logic duplicated across 7 views.,Technical debt increasing risk of auth bypass in future changes.,Notification Service,Production,"Java, Spring Boot",Auth logic was copy-pasted during rapid feature development phase.,1. Extracted to reusable middleware. 2. Wrote unit tests. 3. Deployed incrementally.,True,False,False,Improvement / Task,Improvement / Task,0.94,480
INC-1236,Disk full on logging server,Bug,Infrastructure / Cloud Issues,P2,High,Resolved,2025-08-12 23:23:00,2025-08-14 04:23:00,"Unable to write logs, getting No Space Left on Device. Need a fix ASAP.","Unable to write logs, getting 'No Space Left on Device'. Elasticsearch unresponsive.","All log ingestion stopped, monitoring blind for duration of incident.",Load Balancer,Production,"Elasticsearch, Linux",Log rotation cron job failed silently due to permission change after OS upgrade.,1. Manually deleted old indices. 2. Fixed cron permissions. 3. Set up disk usage alert.,True,True,False,Bug,Bug,0.74,1740
INC-1237,Node not ready in cluster,Incident,Infrastructure / Cloud Issues,P3,Low,Closed,2025-10-02 04:23:00,2025-10-07 02:23:00,"FYI - Kubernetes node showing NotReady, pods being evicted. Any ideas?",kubectl shows node in NotReady state. Pods evicted and rescheduled causing brief downtime.,"30% capacity reduction, some pods pending for 15 minutes.",Kubernetes Cluster,Production,"Terraform, AWS",Kubelet ran out of memory due to log file accumulation on node.,1. Drained node. 2. Cleared logs. 3. Restarted kubelet. 4. Uncordoned.,False,False,True,Incident,Incident,0.76,7080
INC-1238,Add automated smoke tests post-deploy,Improvement / Task,CI/CD & Deployment Issues,P2,Medium,Closed,2025-08-25 21:26:00,2025-08-30 09:26:00,"Hey team, Post-incident review showed deployment issues could be caught in 2 minutes with basic smoke tests.",Post-incident review showed deployment issue could have been caught in 2 minutes.,Deployments currently have no automated health validation step.,Docker Registry,Production,"Jenkins, GitHub Actions",Smoke test suite exists locally but never integrated into pipeline.,1. Added smoke test stage to Jenkins pipeline. 2. Auto-rollback on failure. 3. Tested.,False,False,False,Improvement / Task,Improvement / Task,0.81,6480
INC-1239,Set up cluster autoscaler,Improvement / Task,Infrastructure / Cloud Issues,P3,Medium,Resolved,2025-09-18 22:23:00,2025-09-20 02:23:00,"Hey team, During peak traffic pods go pending due to insufficient capacity. Manual scaling is causing too much toil.","During peak traffic, pods pending due to insufficient node capacity.","Manual scaling required during traffic spikes, causing toil.",EC2 Fleet,Staging,"Ansible, Linux","Cluster autoscaler not configured, capacity managed entirely manually.",1. Installed cluster-autoscaler helm chart. 2. Set min/max node counts. 3. Load tested.,False,False,True,Improvement / Task,Improvement / Task,0.84,1680
INC-1240,Webhook delivery failure,Bug,Misc / Edge / New Issues,P3,Low,Resolved,2025-10-09 12:48:00,2025-10-10 11:48:00,FYI - Third-party integration not receiving webhooks since last Tuesday.,Third-party integration not receiving webhooks since last Tuesday.,"Partner integration broken, manual workaround in place.",Reporting Job,Production,"Celery, Redis","Webhook URL changed on partner side without notification, our side still hitting old URL.",1. Contacted partner. 2. Updated webhook URL. 3. Verified delivery resumed.,False,False,False,Bug,Bug,0.76,1380
INC-1241,Memory leak in backend service,Incident,Application / Backend Issues,P2,Medium,Resolved,2026-01-04 17:21:00,2026-01-07 13:21:00,"Backend service memory growing unboundedly, pods restarting.","RSS memory growing unboundedly, OOM killer terminating pods every 6 hours.",Service restarts causing 2-3 min downtime every 6 hours for all users.,Notification Service,Staging,"React, Node.js",Celery worker holding reference to large object after task completion.,1. Identified object with memory profiler. 2. Added explicit del. 3. Redeployed.,True,False,True,Incident,Incident,0.7,4080
INC-1242,Background job not running,Incident,Application / Backend Issues,P3,Medium,Resolved,2025-11-20 23:05:00,2025-11-22 00:05:00,Nightly report emails not being sent.,Nightly report emails not sent. Celery beat logs show task queued but never picked up.,Finance team missing daily summary reports.,Order API,Production,"Go, Gin",Redis connection pool exhausted; beat scheduler silently skipping tasks.,1. Restarted Redis. 2. Increased max connections. 3. Added alerting on queue depth.,False,False,True,Incident,Incident,0.77,1500
INC-1243,Deadlock errors in transaction logs,Bug,Database Issues,P2,High,Closed,2026-01-07 07:35:00,2026-01-11 10:35:00,FYI - Intermittent deadlock exceptions in order processing every 2 hours.,Intermittent deadlock exceptions in order processing service every ~2 hours.,Approximately 0.5% of orders failing and requiring manual retry.,Analytics DB,Production,MySQL,Two services acquiring locks on orders and inventory tables in opposite order.,1. Identified lock order from pg_locks. 2. Standardised lock acquisition order. 3. Deployed.,False,False,False,Bug,Bug,0.75,5940
INC-1244,Feature not working,Incident,Application / Backend Issues,P2,Medium,Resolved,2026-01-04 17:29:00,2026-01-04 23:29:00,Getting complaints that Export to CSV button does nothing.,"No network request sent when clicking export button, console shows JS TypeError.","Users unable to export reports, blocking end-of-day workflows.",Notification Service,Staging,"Python, FastAPI",Recent refactor broke event listener binding on dynamic elements.,1. Reverted UI component commit. 2. Cleared CDN cache. 3. Re-deployed.,False,False,False,Incident,Incident,0.91,360
INC-1245,Rare data inconsistency,Incident,Misc / Edge / New Issues,P2,Medium,Resolved,2025-08-22 02:17:00,2025-08-23 21:17:00,Single record showing duplicate entry in user-facing table. Need a fix ASAP.,Single record showing duplicate entry in user-facing table. Cannot reproduce consistently.,Data integrity concern for one customer record.,Webhook Handler,Production,"Airflow, Python",Race condition in concurrent write path under very specific timing.,1. Fixed duplicate manually. 2. Added unique constraint. 3. Reviewed concurrent write paths.,True,True,True,Incident,Incident,0.87,2580
INC-1246,Implement connection pooling,Improvement / Task,Database Issues,P3,Low,Closed,2025-08-27 05:40:00,2025-08-30 23:40:00,DB connection count grows linearly with service instances. Risk of exhaustion as we scale.,DB connection count growing linearly with service instances.,Risk of connection exhaustion as we scale horizontally.,Analytics DB,Production,"MongoDB, Python",Services connecting directly to DB without a connection pooler.,1. Evaluated PgBouncer. 2. Deployed in transaction mode. 3. Tuned pool sizes.,False,False,False,Improvement / Task,Improvement / Task,0.86,5400
INC-1247,Implement mTLS across service mesh,Improvement / Task,Network / Connectivity Issues,P3,Medium,Closed,2025-12-10 22:58:00,2025-12-12 13:58:00,Security audit found internal service-to-service traffic is unencrypted. mTLS needs to be enforced.,Security audit found internal service-to-service traffic unencrypted.,Risk of lateral movement if network is compromised.,Load Balancer,Staging,"Nginx, AWS ALB","Istio mTLS set to PERMISSIVE mode, never enforced.",1. Gradually enabled STRICT mTLS per namespace. 2. Fixed services failing handshake. 3. Enforced globally.,False,False,False,Improvement / Task,Improvement / Task,0.97,2340
INC-1248,Implement connection pooling,Improvement / Task,Database Issues,P3,Medium,Closed,2025-11-26 14:11:00,2025-11-27 16:11:00,Action item from last retro: DB connection count grows linearly with service instances. Risk of exhaustion as we scale.,DB connection count growing linearly with service instances.,Risk of connection exhaustion as we scale horizontally.,Analytics DB,Staging,"PostgreSQL, Flyway",Services connecting directly to DB without a connection pooler.,1. Evaluated PgBouncer. 2. Deployed in transaction mode. 3. Tuned pool sizes.,False,False,False,Improvement / Task,Improvement / Task,0.87,1560
INC-1249,Replication lag spike,Incident,Database Issues,P1,Critical,In Progress,2025-10-16 07:01:00,,Getting complaints that Read replica falling 45 minutes behind primary.,Read replica falling 45 minutes behind primary. Analytics queries returning stale data.,"Reporting dashboards showing incorrect figures, business decisions affected.",Inventory DB,Production,MySQL,Pending investigation,Pending investigation,False,False,False,Incident,Incident,0.76,
INC-1250,Implement mTLS across service mesh,Improvement / Task,Network / Connectivity Issues,P2,Low,Closed,2025-08-27 01:46:00,2025-08-27 03:46:00,"Hey team, Security audit found internal service-to-service traffic is unencrypted. mTLS needs to be enforced.",Security audit found internal service-to-service traffic unencrypted.,Risk of lateral movement if network is compromised.,Internal Mesh,Production,Kubernetes,"Istio mTLS set to PERMISSIVE mode, never enforced.",1. Gradually enabled STRICT mTLS per namespace. 2. Fixed services failing handshake. 3. Enforced globally.,False,False,False,Improvement / Task,Improvement / Task,0.72,120
INC-1251,Add automated smoke tests post-deploy,Improvement / Task,CI/CD & Deployment Issues,P3,Low,Resolved,2025-08-21 22:27:00,2025-08-22 03:27:00,FYI - Post-incident review showed deployment issues could be caught in 2 minutes with basic smoke tests.,Post-incident review showed deployment issue could have been caught in 2 minutes.,Deployments currently have no automated health validation step.,Docker Registry,Production,GitLab CI,Smoke test suite exists locally but never integrated into pipeline.,1. Added smoke test stage to Jenkins pipeline. 2. Auto-rollback on failure. 3. Tested.,True,True,True,Improvement / Task,Improvement / Task,0.93,300
INC-1252,S3 bucket access denied,Bug,Infrastructure / Cloud Issues,P1,High,Resolved,2025-12-12 17:04:00,2025-12-13 10:04:00,FYI - Application throwing AccessDenied on all file upload attempts.,Application throwing AccessDenied on all S3 PutObject calls.,File uploads broken for all users.,Kubernetes Cluster,Staging,"Kubernetes, Docker",IAM role policy accidentally removed during infrastructure-as-code refactor.,1. Identified missing statement in Terraform diff. 2. Re-applied policy. 3. Verified uploads.,False,False,True,Bug,Bug,0.96,1020
INC-1253,High CPU on worker nodes,Bug,Infrastructure / Cloud Issues,P1,High,Resolved,2025-08-13 09:39:00,2025-08-14 19:39:00,"Hey team, Node CPU at 95%+, multiple pods throttled.",Node CPU at 95%+. Multiple pods throttled causing cascading slowdowns.,"System-wide latency spike, 3 services degraded simultaneously.",S3 Buckets,Production,"AWS EC2, Python",Runaway Celery task consuming CPU due to infinite retry loop on bad message.,1. Identified task with top. 2. Purged queue. 3. Added max_retries to task config.,False,False,True,Bug,Bug,0.91,2040
INC-1254,Background job not running,Bug,Application / Backend Issues,P2,Medium,Closed,2025-09-03 23:58:00,2025-09-08 10:58:00,Nightly report emails not being sent.,Nightly report emails not sent. Celery beat logs show task queued but never picked up.,Finance team missing daily summary reports.,Reporting Job,Production,"Go, Gin",Redis connection pool exhausted; beat scheduler silently skipping tasks.,1. Restarted Redis. 2. Increased max connections. 3. Added alerting on queue depth.,False,False,True,Bug,Bug,0.93,6420
INC-1255,High CPU on worker nodes,Incident,Infrastructure / Cloud Issues,P2,High,Resolved,2025-11-04 01:53:00,2025-11-05 14:53:00,"Hey team, Node CPU at 95%+, multiple pods throttled.",Node CPU at 95%+. Multiple pods throttled causing cascading slowdowns.,"System-wide latency spike, 3 services degraded simultaneously.",Kubernetes Cluster,Production,"Terraform, AWS",Runaway Celery task consuming CPU due to infinite retry loop on bad message.,1. Identified task with top. 2. Purged queue. 3. Added max_retries to task config.,False,False,False,Incident,Incident,0.74,2220
INC-1256,Grafana dashboard showing no data,Incident,Monitoring / Alert Noise,P3,Medium,Resolved,2025-10-19 02:02:00,2025-10-20 00:02:00,"Hey team, All Grafana panels showing No Data despite metrics being present.",All panels in production dashboard showing No Data. Metrics visible in Prometheus UI.,Operations team blind to production health.,Grafana,Production,"Datadog, PagerDuty",Grafana datasource URL changed after Prometheus pod rescheduled to new IP.,1. Updated datasource URL to use service DNS instead of pod IP. 2. Verified panels.,True,True,True,Incident,Incident,0.72,1320
INC-1257,Autovacuum not keeping up,Incident,Database Issues,P2,High,Closed,2026-01-09 11:03:00,2026-01-12 06:03:00,"Getting complaints that Table bloat increasing, query times gradually degrading.","Table bloat increasing, query times gradually degrading over 2 weeks.",Slow degradation of query performance across reporting module.,User DB,Production,Redis,Autovacuum cost delay too high for write-heavy reporting table.,1. Ran manual VACUUM ANALYZE. 2. Tuned autovacuum_cost_delay. 3. Monitored bloat.,True,True,True,Incident,Incident,0.98,4020
INC-1258,Background job not running,Bug,Application / Backend Issues,P3,Medium,Closed,2025-08-23 05:12:00,2025-08-27 19:12:00,Customer reported: Nightly report emails not being sent.,Nightly report emails not sent. Celery beat logs show task queued but never picked up.,Finance team missing daily summary reports.,Notification Service,Production,"Java, Spring Boot",Redis connection pool exhausted; beat scheduler silently skipping tasks.,1. Restarted Redis. 2. Increased max connections. 3. Added alerting on queue depth.,False,False,False,Bug,Bug,0.89,6600
INC-1259,Docker image build failing,Incident,CI/CD & Deployment Issues,P2,Medium,Resolved,2026-01-09 23:53:00,2026-01-12 09:53:00,Getting complaints that CI failing at docker build with package not found error.,CI failing at docker build step: 'package not found'. Worked in local builds.,All deployments blocked for 3 services sharing this base image.,CI/CD Pipeline,Production,"Jenkins, GitHub Actions",Upstream Alpine package repository changed package name in new version.,1. Pinned base image to specific digest. 2. Updated package name. 3. Rebuilt.,False,False,False,Incident,Incident,0.98,3480
INC-1260,Pod crash looping,Bug,Infrastructure / Cloud Issues,P3,Low,Resolved,2025-08-09 15:55:00,2025-08-11 01:55:00,"Urgent: Payment service pods in CrashLoopBackOff, restarting every 30s.",CrashLoopBackOff on payment-service pods. Restarts every 30 seconds.,"Payment service fully down, all transactions failing.",Kubernetes Cluster,Staging,"Kubernetes, Docker",Missing environment variable after config map was accidentally deleted.,1. Checked pod logs. 2. Restored config map from git. 3. Pods stabilised.,True,True,False,Bug,Bug,0.83,2040
INC-1261,Pod crash looping,Incident,Infrastructure / Cloud Issues,P1,Critical,Closed,2025-09-16 00:14:00,2025-09-17 03:14:00,"Payment service pods in CrashLoopBackOff, restarting every 30s.",CrashLoopBackOff on payment-service pods. Restarts every 30 seconds.,"Payment service fully down, all transactions failing.",S3 Buckets,Staging,"Elasticsearch, Linux",Missing environment variable after config map was accidentally deleted.,1. Checked pod logs. 2. Restored config map from git. 3. Pods stabilised.,True,True,False,Incident,Incident,0.94,1620
INC-1262,Grafana dashboard showing no data,Incident,Monitoring / Alert Noise,P3,Medium,Closed,2025-08-28 15:28:00,2025-08-30 15:28:00,All Grafana panels showing No Data despite metrics being present. Need a fix ASAP.,All panels in production dashboard showing No Data. Metrics visible in Prometheus UI.,Operations team blind to production health.,Monitoring,Production,"Datadog, PagerDuty",Grafana datasource URL changed after Prometheus pod rescheduled to new IP.,1. Updated datasource URL to use service DNS instead of pod IP. 2. Verified panels.,False,False,False,Incident,Incident,0.86,2880
INC-1263,Autovacuum not keeping up,Incident,Database Issues,P1,High,Resolved,2026-01-02 14:35:00,2026-01-03 05:35:00,"Table bloat increasing, query times gradually degrading. Please look into this.","Table bloat increasing, query times gradually degrading over 2 weeks.",Slow degradation of query performance across reporting module.,Analytics DB,Production,MySQL,Autovacuum cost delay too high for write-heavy reporting table.,1. Ran manual VACUUM ANALYZE. 2. Tuned autovacuum_cost_delay. 3. Monitored bloat.,False,False,False,Incident,Incident,0.81,900
INC-1264,Pipeline stuck,Incident,CI/CD & Deployment Issues,P3,Medium,Closed,2025-11-13 16:50:00,2025-11-17 23:50:00,pls check ASAP: Production deployment pipeline hanging at build step for 2+ hours.,Production deployment pipeline hanging at build step for 2+ hours. No error output.,"Release blocked, hotfix cannot reach production.",Docker Registry,Staging,"Jenkins, GitHub Actions",Deadlock in concurrent test step caused by shared file handle.,1. Aborted stuck job. 2. Cleared workspace. 3. Added timeout to test step. 4. Reran.,False,False,True,Incident,Incident,0.87,6180
INC-1265,Token expiration issue,Incident,Authentication / Authorization Issues,P2,Medium,Resolved,2025-08-30 02:52:00,2025-08-31 03:52:00,"Hey team, Users getting randomly logged out mid-session.",Users getting randomly logged out mid-session. JWT validation failing for valid tokens.,"All users affected, session stability broken platform-wide.",SSO Gateway,Production,"LDAP, Active Directory",JWT signing key rotation job ran but new key not propagated to all auth pods.,1. Identified key mismatch in logs. 2. Restarted auth pods with correct key. 3. Forced re-login.,False,False,False,Incident,Incident,0.71,1500
INC-1266,Node not ready in cluster,Incident,Infrastructure / Cloud Issues,P2,Medium,Resolved,2025-08-15 15:55:00,2025-08-16 03:55:00,"FYI - Kubernetes node showing NotReady, pods being evicted. Any ideas?",kubectl shows node in NotReady state. Pods evicted and rescheduled causing brief downtime.,"30% capacity reduction, some pods pending for 15 minutes.",EC2 Fleet,Production,"Elasticsearch, Linux",Kubelet ran out of memory due to log file accumulation on node.,1. Drained node. 2. Cleared logs. 3. Restarted kubelet. 4. Uncordoned.,False,False,True,Incident,Incident,0.82,720
INC-1267,Background job not running,Bug,Application / Backend Issues,P2,High,Resolved,2025-09-27 07:18:00,2025-09-29 01:18:00,Nightly report emails not being sent. Please look into this.,Nightly report emails not sent. Celery beat logs show task queued but never picked up.,Finance team missing daily summary reports.,Checkout Service,Production,"Java, Spring Boot",Redis connection pool exhausted; beat scheduler silently skipping tasks.,1. Restarted Redis. 2. Increased max connections. 3. Added alerting on queue depth.,False,False,False,Bug,Bug,0.92,2520
INC-1268,Implement mTLS across service mesh,Improvement / Task,Network / Connectivity Issues,P3,Low,Resolved,2026-01-01 04:40:00,2026-01-03 11:40:00,FYI - Security audit found internal service-to-service traffic is unencrypted. mTLS needs to be enforced.,Security audit found internal service-to-service traffic unencrypted.,Risk of lateral movement if network is compromised.,Load Balancer,Production,"WireGuard, Linux","Istio mTLS set to PERMISSIVE mode, never enforced.",1. Gradually enabled STRICT mTLS per namespace. 2. Fixed services failing handshake. 3. Enforced globally.,False,False,False,Improvement / Task,Improvement / Task,0.88,3300
INC-1269,Pod crash looping,Improvement / Task,Infrastructure / Cloud Issues,P2,Medium,Resolved,2025-12-21 06:57:00,2025-12-23 04:57:00,"FYI - Payment service pods in CrashLoopBackOff, restarting every 30s. Any ideas?",CrashLoopBackOff on payment-service pods. Restarts every 30 seconds.,"Payment service fully down, all transactions failing.",EC2 Fleet,Production,"Ansible, Linux",Missing environment variable after config map was accidentally deleted.,1. Checked pod logs. 2. Restored config map from git. 3. Pods stabilised.,False,False,True,Incident,Improvement / Task,0.58,2760
INC-1270,Automate log rotation configuration,Improvement / Task,Infrastructure / Cloud Issues,P3,Low,Resolved,2025-08-26 16:37:00,2025-08-27 15:37:00,Post-incident review flagged manual log rotation as a recurring operational risk across all nodes. Please look into this.,Post-incident review revealed manual log rotation as recurring risk.,Recurring risk of disk full incidents across all logging nodes.,ELK Stack,Production,"Kubernetes, Docker",No standardised log rotation policy enforced via configuration management.,1. Added logrotate config to Ansible playbook. 2. Applied across fleet. 3. Tested.,False,False,False,Improvement / Task,Improvement / Task,0.87,1380
INC-1271,Grafana dashboard showing no data,Bug,Monitoring / Alert Noise,P2,High,Resolved,2025-09-15 20:17:00,2025-09-18 17:17:00,CRITICAL: All Grafana panels showing No Data despite metrics being present.,All panels in production dashboard showing No Data. Metrics visible in Prometheus UI.,Operations team blind to production health.,Monitoring,Production,"Grafana, Loki",Grafana datasource URL changed after Prometheus pod rescheduled to new IP.,1. Updated datasource URL to use service DNS instead of pod IP. 2. Verified panels.,False,False,False,Incident,Bug,0.72,4140
INC-1272,Deadlock errors in transaction logs,Bug,Database Issues,P2,High,Resolved,2025-10-13 12:01:00,2025-10-15 11:01:00,Customer reported: Intermittent deadlock exceptions in order processing every 2 hours.,Intermittent deadlock exceptions in order processing service every ~2 hours.,Approximately 0.5% of orders failing and requiring manual retry.,Main DB,Production,"MongoDB, Python",Two services acquiring locks on orders and inventory tables in opposite order.,1. Identified lock order from pg_locks. 2. Standardised lock acquisition order. 3. Deployed.,False,False,False,Bug,Bug,0.87,2820
INC-1273,Database migration failed,Bug,Database Issues,P1,Critical,Resolved,2026-01-01 16:28:00,2026-01-03 15:28:00,"Customer reported: Deploy pipeline failed at migration step, schema in inconsistent state.",Deploy pipeline failed at migration step. Service rolled back but DB partially migrated.,"Inconsistent schema state, one feature broken until fixed.",Reporting DB,Production,"PostgreSQL, PgBouncer",Non-transactional DDL statement (adding index) inside transaction block.,1. Ran compensating migration manually. 2. Verified schema. 3. Fixed migration script.,False,False,True,Bug,Bug,0.81,2820
INC-1274,Implement SLO-based alerting,Improvement / Task,Monitoring / Alert Noise,P3,Medium,Resolved,2025-11-07 16:42:00,2025-11-10 07:42:00,FYI - Current alerts track symptoms not reliability targets. Need to define SLOs and error budget alerts.,"Current alerts track symptoms, not user-facing reliability targets.",Hard to know if reliability commitments are being met.,Alertmanager,Production,ELK Stack,"No SLOs defined, alerting purely infrastructure-focused.",1. Defined SLOs for 3 key services. 2. Implemented error budget alerts. 3. Created SLO dashboard.,False,False,True,Improvement / Task,Improvement / Task,0.76,3780
INC-1275,S3 bucket access denied,Bug,Infrastructure / Cloud Issues,P2,Medium,Resolved,2025-11-29 02:57:00,2025-11-30 16:57:00,Application throwing AccessDenied on all file upload attempts. Affecting multiple users.,Application throwing AccessDenied on all S3 PutObject calls.,File uploads broken for all users.,EC2 Fleet,Production,"AWS EC2, Python",IAM role policy accidentally removed during infrastructure-as-code refactor.,1. Identified missing statement in Terraform diff. 2. Re-applied policy. 3. Verified uploads.,True,False,False,Incident,Bug,0.71,2280
INC-1276,Deadlock errors in transaction logs,Incident,Database Issues,P3,Low,Resolved,2025-12-31 07:08:00,2026-01-01 20:08:00,Intermittent deadlock exceptions in order processing every 2 hours. Affecting multiple users.,Intermittent deadlock exceptions in order processing service every ~2 hours.,Approximately 0.5% of orders failing and requiring manual retry.,Main DB,Production,Redis,Two services acquiring locks on orders and inventory tables in opposite order.,1. Identified lock order from pg_locks. 2. Standardised lock acquisition order. 3. Deployed.,False,False,False,Incident,Incident,0.9,2220
INC-1277,Webhook delivery failure,Bug,Misc / Edge / New Issues,P2,High,In Progress,2025-10-16 17:07:00,,Third-party integration not receiving webhooks since last Tuesday.,Third-party integration not receiving webhooks since last Tuesday.,"Partner integration broken, manual workaround in place.",Reporting Job,Production,React,Pending investigation,Pending investigation,False,False,True,Bug,Bug,0.97,
INC-1278,Docker image build failing,Incident,CI/CD & Deployment Issues,P2,High,Closed,2025-09-21 17:41:00,2025-09-22 13:41:00,FYI - CI failing at docker build with package not found error. Any ideas?,CI failing at docker build step: 'package not found'. Worked in local builds.,All deployments blocked for 3 services sharing this base image.,GitHub Actions Runner,Production,GitLab CI,Upstream Alpine package repository changed package name in new version.,1. Pinned base image to specific digest. 2. Updated package name. 3. Rebuilt.,False,False,False,Incident,Incident,0.9,1200
INC-1279,Node not ready in cluster,Bug,Infrastructure / Cloud Issues,P2,High,Resolved,2025-09-30 04:16:00,2025-09-30 15:16:00,"Urgent: Kubernetes node showing NotReady, pods being evicted.",kubectl shows node in NotReady state. Pods evicted and rescheduled causing brief downtime.,"30% capacity reduction, some pods pending for 15 minutes.",Celery Workers,Production,"Kubernetes, Docker",Kubelet ran out of memory due to log file accumulation on node.,1. Drained node. 2. Cleared logs. 3. Restarted kubelet. 4. Uncordoned.,True,True,False,Bug,Bug,0.85,660
INC-1280,Migrate from Jenkins to GitHub Actions,Improvement / Task,CI/CD & Deployment Issues,P3,Low,Resolved,2025-11-18 04:18:00,2025-11-19 01:18:00,"Hey team, Jenkins maintenance is taking 4+ hours per month and is a single point of failure for all CI.","Jenkins server maintenance taking 4+ hours per month, blocking deployments.",High operational overhead and single point of failure in CI infrastructure.,GitHub Actions Runner,Production,"ArgoCD, Kustomize","Jenkins self-hosted with no HA setup, all CI dependent on single VM.",1. Assessed GitHub Actions feasibility. 2. Migrated 3 pipelines. 3. Deprecated Jenkins.,False,False,False,Improvement / Task,Improvement / Task,0.85,1260
INC-1281,Intermittent packet loss,Bug,Network / Connectivity Issues,P2,Medium,Closed,2025-09-03 06:11:00,2025-09-03 16:11:00,"2-5% ping loss between nodes, TCP retransmits elevated.",Ping loss between nodes 2-5% intermittently. TCP retransmits elevated.,"Degraded performance for all real-time features, chat and notifications affected.",API Gateway,Production,"WireGuard, Linux",Faulty NIC on one hypervisor host causing CRC errors.,1. Identified host with mtr. 2. Migrated VMs. 3. Raised ticket with data centre.,True,True,False,Bug,Bug,0.79,600
INC-1282,Slow query degrading API response,Incident,Application / Backend Issues,P2,High,Resolved,2025-12-14 10:12:00,2025-12-15 03:12:00,Orders endpoint latency spiked from 200ms to 8 seconds. It was working fine yesterday.,P99 latency spiking from 200ms to 8s on /orders endpoint.,Order confirmation page timing out for ~15% of users.,Reporting Job,Staging,"Python, FastAPI",Missing index on orders.created_at column after schema migration.,1. Ran EXPLAIN ANALYZE. 2. Added index concurrently. 3. Verified latency drop.,True,True,True,Incident,Incident,0.88,1020
INC-1283,Disk full on logging server,Incident,Infrastructure / Cloud Issues,P2,Medium,Resolved,2025-08-13 06:50:00,2025-08-14 04:50:00,"Unable to write logs, getting No Space Left on Device. Need a fix ASAP.","Unable to write logs, getting 'No Space Left on Device'. Elasticsearch unresponsive.","All log ingestion stopped, monitoring blind for duration of incident.",Load Balancer,Production,"Elasticsearch, Linux",Log rotation cron job failed silently due to permission change after OS upgrade.,1. Manually deleted old indices. 2. Fixed cron permissions. 3. Set up disk usage alert.,True,True,True,Incident,Incident,0.83,1320
INC-1284,Grafana dashboard showing no data,Bug,Monitoring / Alert Noise,P3,Medium,Resolved,2025-10-03 17:29:00,2025-10-04 18:29:00,"Hey team, All Grafana panels showing No Data despite metrics being present.",All panels in production dashboard showing No Data. Metrics visible in Prometheus UI.,Operations team blind to production health.,Alertmanager,Production,OpenTelemetry,Grafana datasource URL changed after Prometheus pod rescheduled to new IP.,1. Updated datasource URL to use service DNS instead of pod IP. 2. Verified panels.,False,False,False,Bug,Bug,0.73,1500
INC-1285,Background job not running,Bug,Application / Backend Issues,P2,High,Resolved,2025-08-30 16:25:00,2025-08-31 02:25:00,FYI - Nightly report emails not being sent.,Nightly report emails not sent. Celery beat logs show task queued but never picked up.,Finance team missing daily summary reports.,Order API,Production,"Go, Gin",Redis connection pool exhausted; beat scheduler silently skipping tasks.,1. Restarted Redis. 2. Increased max connections. 3. Added alerting on queue depth.,False,False,False,Bug,Bug,0.75,600
INC-1286,Implement token rotation policy,Incident,Authentication / Authorization Issues,P3,Low,In Progress,2025-10-25 22:33:00,,Action item from last retro: Security audit flagged long-lived refresh tokens as a risk. Need to define and enforce rotation policy.,Security audit flagged long-lived refresh tokens as risk.,Stolen refresh tokens valid indefinitely if not rotated.,Auth Service,Staging,"Redis, Node.js",Pending investigation,Pending investigation,True,True,False,Improvement / Task,Incident,0.58,
INC-1287,Role misconfiguration,Bug,Authentication / Authorization Issues,P3,Medium,Closed,2025-08-01 19:13:00,2025-08-04 15:13:00,Customer reported: Admin users getting 403 Forbidden on billing portal.,Admin users getting 403 Forbidden on billing portal. Role shown as correct in DB.,Finance team blocked from critical workflows.,IAM Module,Staging,"LDAP, Active Directory",Accidental deletion of role-to-permission mapping during migration cleanup script.,1. Restored mapping from DB backup. 2. Cleared permission cache. 3. Verified admin access.,True,True,True,Bug,Bug,0.92,4080
INC-1288,Service unreachable,Bug,Network / Connectivity Issues,P3,Medium,Resolved,2026-01-20 15:54:00,2026-01-20 21:54:00,"Hey team, Auth service cannot reach User service, connection refused.",Auth service cannot reach User service. Connection refused on port 8080.,Login broken for all users.,API Gateway,Production,Istio,NetworkPolicy accidentally blocking inter-service traffic after namespace migration.,1. Identified with kubectl describe netpol. 2. Reverted policy YAML. 3. Verified connectivity.,False,False,False,Bug,Bug,0.73,360
INC-1289,Connection pool exhausted,Bug,Database Issues,P3,Medium,Resolved,2025-12-07 00:59:00,2025-12-07 17:59:00,"Apps cannot connect to DB, throwing pool errors. It was working fine yesterday.",Apps throwing 'connection pool exhausted'. DB CPU normal but no connections available.,"All DB-dependent services failing, complete platform outage.",Analytics DB,Staging,"PostgreSQL, PgBouncer",Microservice leaking connections by not closing cursors in exception path.,1. Killed idle connections via pg_terminate_backend. 2. Restarted offending service. 3. Fixed cursor handling.,False,False,False,Bug,Bug,0.96,1020
INC-1290,Disk full on logging server,Bug,Infrastructure / Cloud Issues,P2,High,Closed,2025-10-24 07:31:00,2025-10-25 04:31:00,"Unable to write logs, getting No Space Left on Device. Please look into this.","Unable to write logs, getting 'No Space Left on Device'. Elasticsearch unresponsive.","All log ingestion stopped, monitoring blind for duration of incident.",Kubernetes Cluster,Staging,"Kubernetes, Docker",Log rotation cron job failed silently due to permission change after OS upgrade.,1. Manually deleted old indices. 2. Fixed cron permissions. 3. Set up disk usage alert.,True,True,False,Bug,Bug,0.72,1260
INC-1291,High CPU on worker nodes,Bug,Infrastructure / Cloud Issues,P3,Medium,Resolved,2025-10-07 06:27:00,2025-10-07 08:27:00,"Node CPU at 95%+, multiple pods throttled. Need a fix ASAP.",Node CPU at 95%+. Multiple pods throttled causing cascading slowdowns.,"System-wide latency spike, 3 services degraded simultaneously.",ELK Stack,Staging,"Terraform, AWS",Runaway Celery task consuming CPU due to infinite retry loop on bad message.,1. Identified task with top. 2. Purged queue. 3. Added max_retries to task config.,False,False,True,Bug,Bug,0.98,120
INC-1292,Background job not running,Bug,Application / Backend Issues,P2,High,Closed,2025-12-15 16:22:00,2025-12-20 08:22:00,Nightly report emails not being sent. Need a fix ASAP.,Nightly report emails not sent. Celery beat logs show task queued but never picked up.,Finance team missing daily summary reports.,Checkout Service,Staging,"React, Node.js",Redis connection pool exhausted; beat scheduler silently skipping tasks.,1. Restarted Redis. 2. Increased max connections. 3. Added alerting on queue depth.,True,False,False,Bug,Bug,0.73,6720
INC-1293,Timeouts on Dashboard,Bug,Application / Backend Issues,P2,High,Closed,2025-09-09 20:19:00,2025-09-10 05:19:00,Dashboard takes 30+ seconds to load and then times out. It was working fine yesterday.,"Gateway timeouts (504), high latency on /metrics endpoint.",All internal users experiencing slow load times.,Notification Service,Production,"Java, Spring Boot",Inefficient data aggregation logic causing N+1 database queries.,1. Temporarily disabled heavy widget. 2. Restarted API pods. 3. Optimised query with JOIN.,False,False,False,Bug,Bug,0.94,540
INC-1294,S3 bucket access denied,Bug,Infrastructure / Cloud Issues,P2,Medium,Resolved,2025-09-11 16:38:00,2025-09-12 16:38:00,Urgent: Application throwing AccessDenied on all file upload attempts.,Application throwing AccessDenied on all S3 PutObject calls.,File uploads broken for all users.,Load Balancer,Production,"Kubernetes, Docker",IAM role policy accidentally removed during infrastructure-as-code refactor.,1. Identified missing statement in Terraform diff. 2. Re-applied policy. 3. Verified uploads.,False,False,False,Bug,Bug,0.78,1440
INC-1295,Disk full on logging server,Incident,Infrastructure / Cloud Issues,P2,Medium,In Progress,2025-09-28 15:10:00,,"Urgent: Unable to write logs, getting No Space Left on Device.","Unable to write logs, getting 'No Space Left on Device'. Elasticsearch unresponsive.","All log ingestion stopped, monitoring blind for duration of incident.",S3 Buckets,Production,"AWS EC2, Python",Pending investigation,Pending investigation,True,True,False,Incident,Incident,0.87,
INC-1296,Memory leak in backend service,Incident,Application / Backend Issues,P2,Medium,Resolved,2026-01-07 07:58:00,2026-01-08 13:58:00,"Urgent: Backend service memory growing unboundedly, pods restarting.","RSS memory growing unboundedly, OOM killer terminating pods every 6 hours.",Service restarts causing 2-3 min downtime every 6 hours for all users.,Order API,Production,"Java, Spring Boot",Celery worker holding reference to large object after task completion.,1. Identified object with memory profiler. 2. Added explicit del. 3. Redeployed.,False,False,True,Incident,Incident,0.76,1800
INC-1297,Rare data inconsistency,Incident,Misc / Edge / New Issues,P3,Medium,Resolved,2025-12-11 23:34:00,2025-12-14 10:34:00,"Hey team, Single record showing duplicate entry in user-facing table.",Single record showing duplicate entry in user-facing table. Cannot reproduce consistently.,Data integrity concern for one customer record.,Reporting Job,Production,React,Race condition in concurrent write path under very specific timing.,1. Fixed duplicate manually. 2. Added unique constraint. 3. Reviewed concurrent write paths.,False,False,False,Incident,Incident,0.78,3540
INC-1298,Feature not working,Bug,Application / Backend Issues,P3,Low,Resolved,2025-12-07 21:00:00,2025-12-08 17:00:00,Urgent: Export to CSV button does nothing.,"No network request sent when clicking export button, console shows JS TypeError.","Users unable to export reports, blocking end-of-day workflows.",Analytics API,Production,"Java, Spring Boot",Recent refactor broke event listener binding on dynamic elements.,1. Reverted UI component commit. 2. Cleared CDN cache. 3. Re-deployed.,False,False,False,Bug,Bug,0.84,1200
INC-1299,API returning 500s,Incident,Application / Backend Issues,P2,High,Closed,2025-12-04 10:07:00,2025-12-08 06:07:00,pls check ASAP: Checkout API is failing with 500 Internal Server Error.,"Spike in 500 status codes, logs show NullPointerException in payment module.",Users cannot complete checkout (approx 200 users affected).,Analytics API,Production,"Python, FastAPI",Unhandled null value in payment payload from third-party provider.,1. Added null check. 2. Deployed hotfix. 3. Monitored error rates.,True,True,False,Incident,Incident,0.84,5520
INC-1300,Node not ready in cluster,Incident,Infrastructure / Cloud Issues,P2,High,Closed,2025-11-18 20:07:00,2025-11-22 20:07:00,"Urgent: Kubernetes node showing NotReady, pods being evicted.",kubectl shows node in NotReady state. Pods evicted and rescheduled causing brief downtime.,"30% capacity reduction, some pods pending for 15 minutes.",Load Balancer,Production,"Ansible, Linux",Kubelet ran out of memory due to log file accumulation on node.,1. Drained node. 2. Cleared logs. 3. Restarted kubelet. 4. Uncordoned.,True,True,True,Incident,Incident,0.92,5760
INC-1301,ArgoCD app out of sync,Bug,CI/CD & Deployment Issues,P3,Low,Closed,2025-08-09 04:49:00,2025-08-13 14:49:00,FYI - ArgoCD showing OutOfSync but sync fails with permission error.,ArgoCD showing app OutOfSync but sync button fails with permission error.,"Config changes not deploying, manual kubectl apply required as workaround.",Docker Registry,Production,"ArgoCD, Kustomize",ArgoCD service account missing ClusterRole binding after RBAC audit cleanup.,1. Identified missing binding from RBAC diff. 2. Restored binding. 3. Synced app.,False,False,False,Bug,Bug,0.94,6360
INC-1302,Deployment rollback needed,Bug,CI/CD & Deployment Issues,P3,Medium,Closed,2026-01-14 14:12:00,2026-01-17 16:12:00,"Hey team, Error rate spiked to 15% within 5 minutes of deployment.",Error rate spiked to 15% within 5 minutes of deployment. Latency tripled.,"Significant user-facing degradation, revenue-impacting.",CI/CD Pipeline,Production,"Docker, AWS ECR",Breaking API change in new release not caught by test suite.,1. Rolled back via ArgoCD. 2. Error rate normalised. 3. Added integration test for API contract.,True,False,True,Bug,Bug,0.92,4440
INC-1303,DNS resolution failing,Bug,Network / Connectivity Issues,P2,High,Closed,2025-09-17 17:08:00,2025-09-20 12:08:00,Services cannot resolve internal and external domains intermittently. It was working fine yesterday.,Services intermittently failing to resolve internal and external domains.,Cascading failures across 4 services depending on external APIs.,Internal Mesh,Production,"WireGuard, Linux",CoreDNS pods overwhelmed by DNS flood from misconfigured ndots setting.,1. Scaled CoreDNS replicas from 2 to 5. 2. Added ndots:1 to pod DNS config. 3. Verified resolution.,False,False,True,Bug,Bug,0.86,4020
INC-1304,Add rate limiting to public API,Improvement / Task,Application / Backend Issues,P3,Low,Resolved,2025-11-06 10:38:00,2025-11-08 23:38:00,"Hey team, Public API has no rate limiting. Identified during capacity planning — need to implement before launch.","No immediate symptoms, identified during capacity planning review.",Risk of API abuse if not addressed before product launch.,Order API,Production,"Python, FastAPI",Rate limiting was never implemented on public-facing endpoints.,1. Evaluated django-ratelimit. 2. Implemented per-IP throttle. 3. Tested with load script.,False,False,False,Improvement / Task,Improvement / Task,0.95,3660
INC-1305,Set up cluster autoscaler,Improvement / Task,Infrastructure / Cloud Issues,P3,Medium,Resolved,2026-01-13 06:56:00,2026-01-13 22:56:00,Raising this for tracking: During peak traffic pods go pending due to insufficient capacity. Manual scaling is causing too much toil.,"During peak traffic, pods pending due to insufficient node capacity.","Manual scaling required during traffic spikes, causing toil.",EC2 Fleet,Production,"Ansible, Linux","Cluster autoscaler not configured, capacity managed entirely manually.",1. Installed cluster-autoscaler helm chart. 2. Set min/max node counts. 3. Load tested.,False,False,False,Improvement / Task,Improvement / Task,0.84,960
INC-1306,Timeouts on Dashboard,Incident,Application / Backend Issues,P3,Low,In Progress,2025-12-23 09:41:00,,Dashboard takes 30+ seconds to load and then times out. Affecting multiple users.,"Gateway timeouts (504), high latency on /metrics endpoint.",All internal users experiencing slow load times.,Reporting Job,Production,"React, Node.js",Pending investigation,Pending investigation,False,False,True,Incident,Incident,0.95,
INC-1307,Connection pool exhausted,Bug,Database Issues,P3,Medium,Closed,2025-11-14 03:27:00,2025-11-14 09:27:00,"Hey team, Apps cannot connect to DB, throwing pool errors.",Apps throwing 'connection pool exhausted'. DB CPU normal but no connections available.,"All DB-dependent services failing, complete platform outage.",User DB,Production,"MongoDB, Python",Microservice leaking connections by not closing cursors in exception path.,1. Killed idle connections via pg_terminate_backend. 2. Restarted offending service. 3. Fixed cursor handling.,False,False,False,Bug,Bug,0.95,360
INC-1308,Connection pool exhausted,Bug,Database Issues,P3,Low,Closed,2025-08-15 04:52:00,2025-08-16 18:52:00,"Apps cannot connect to DB, throwing pool errors. It was working fine yesterday.",Apps throwing 'connection pool exhausted'. DB CPU normal but no connections available.,"All DB-dependent services failing, complete platform outage.",User DB,Production,"PostgreSQL, PgBouncer",Microservice leaking connections by not closing cursors in exception path.,1. Killed idle connections via pg_terminate_backend. 2. Restarted offending service. 3. Fixed cursor handling.,True,False,False,Bug,Bug,0.89,2280
INC-1309,SSO login loop,Bug,Authentication / Authorization Issues,P3,Low,Resolved,2025-10-24 14:51:00,2025-10-25 12:51:00,Urgent: Users redirected in infinite loop between app and SSO provider.,Users redirected in infinite loop between app and SSO provider. Never lands on dashboard.,"All SSO-based logins broken, affecting 80% of user base.",API Gateway,Production,Keycloak,Redirect URI mismatch after domain change not updated in SSO provider config.,1. Updated redirect URI in Keycloak. 2. Cleared browser cookies. 3. Verified login flow.,False,False,False,Bug,Bug,0.79,1320
INC-1310,Disk full on logging server,Bug,Infrastructure / Cloud Issues,P3,Low,Resolved,2025-11-23 08:42:00,2025-11-24 07:42:00,"FYI - Unable to write logs, getting No Space Left on Device.","Unable to write logs, getting 'No Space Left on Device'. Elasticsearch unresponsive.","All log ingestion stopped, monitoring blind for duration of incident.",EC2 Fleet,Production,"Elasticsearch, Linux",Log rotation cron job failed silently due to permission change after OS upgrade.,1. Manually deleted old indices. 2. Fixed cron permissions. 3. Set up disk usage alert.,True,False,False,Bug,Bug,0.81,1380
INC-1311,Pipeline stuck,Bug,CI/CD & Deployment Issues,P2,High,Resolved,2025-09-16 16:51:00,2025-09-17 03:51:00,Urgent: Production deployment pipeline hanging at build step for 2+ hours.,Production deployment pipeline hanging at build step for 2+ hours. No error output.,"Release blocked, hotfix cannot reach production.",CI/CD Pipeline,Staging,"Docker, AWS ECR",Deadlock in concurrent test step caused by shared file handle.,1. Aborted stuck job. 2. Cleared workspace. 3. Added timeout to test step. 4. Reran.,True,True,False,Bug,Bug,0.86,660
INC-1312,Alert not firing for real outage,Improvement / Task,Monitoring / Alert Noise,P3,Low,Closed,2026-01-19 11:33:00,2026-01-21 22:33:00,Service was down for 12 minutes before anyone noticed. It was working fine yesterday.,Service was down for 12 minutes before anyone noticed. No alert fired.,Delayed detection significantly worsened incident impact.,PagerDuty,Staging,Prometheus,Alert rule targeting wrong metric label after Prometheus federation change.,1. Fixed label selector in alert rule. 2. Verified with promtool. 3. Added alert test.,False,False,False,Bug,Improvement / Task,0.55,3540
INC-1313,Connection pool exhausted,Bug,Database Issues,P2,Medium,Resolved,2025-12-28 22:27:00,2025-12-30 12:27:00,"Apps cannot connect to DB, throwing pool errors. Please look into this.",Apps throwing 'connection pool exhausted'. DB CPU normal but no connections available.,"All DB-dependent services failing, complete platform outage.",Analytics DB,Production,"MongoDB, Python",Microservice leaking connections by not closing cursors in exception path.,1. Killed idle connections via pg_terminate_backend. 2. Restarted offending service. 3. Fixed cursor handling.,True,True,False,Bug,Bug,0.74,2280
INC-1314,ArgoCD app out of sync,Incident,CI/CD & Deployment Issues,P3,Medium,Resolved,2025-08-01 15:24:00,2025-08-03 17:24:00,ArgoCD showing OutOfSync but sync fails with permission error. Need a fix ASAP.,ArgoCD showing app OutOfSync but sync button fails with permission error.,"Config changes not deploying, manual kubectl apply required as workaround.",GitHub Actions Runner,Production,"Jenkins, GitHub Actions",ArgoCD service account missing ClusterRole binding after RBAC audit cleanup.,1. Identified missing binding from RBAC diff. 2. Restored binding. 3. Synced app.,False,False,True,Incident,Incident,0.98,3000
INC-1315,Background job not running,Incident,Application / Backend Issues,P3,Medium,Resolved,2025-11-01 06:58:00,2025-11-04 05:58:00,FYI - Nightly report emails not being sent. Any ideas?,Nightly report emails not sent. Celery beat logs show task queued but never picked up.,Finance team missing daily summary reports.,Notification Service,Production,"Python, Django",Redis connection pool exhausted; beat scheduler silently skipping tasks.,1. Restarted Redis. 2. Increased max connections. 3. Added alerting on queue depth.,True,True,False,Incident,Incident,0.75,4260
INC-1316,Implement token rotation policy,Improvement / Task,Authentication / Authorization Issues,P3,Low,Resolved,2025-09-09 04:52:00,2025-09-11 13:52:00,"Hey team, Security audit flagged long-lived refresh tokens as a risk. Need to define and enforce rotation policy.",Security audit flagged long-lived refresh tokens as risk.,Stolen refresh tokens valid indefinitely if not rotated.,Auth Service,Staging,Keycloak,No refresh token rotation or expiry policy defined.,1. Defined rotation policy. 2. Implemented in auth service. 3. Updated client SDKs.,False,False,False,Improvement / Task,Improvement / Task,0.98,3420
INC-1317,Add rate limiting to public API,Improvement / Task,Application / Backend Issues,P2,Medium,Resolved,2025-10-29 02:41:00,2025-10-30 11:41:00,Action item from last retro: Public API has no rate limiting. Identified during capacity planning — need to implement before launch.,"No immediate symptoms, identified during capacity planning review.",Risk of API abuse if not addressed before product launch.,Analytics API,Production,"React, Node.js",Rate limiting was never implemented on public-facing endpoints.,1. Evaluated django-ratelimit. 2. Implemented per-IP throttle. 3. Tested with load script.,False,False,False,Improvement / Task,Improvement / Task,0.91,1980
INC-1318,Disk full on logging server,Incident,Infrastructure / Cloud Issues,P3,Low,Resolved,2025-11-04 11:36:00,2025-11-06 17:36:00,"pls check ASAP: Unable to write logs, getting No Space Left on Device.","Unable to write logs, getting 'No Space Left on Device'. Elasticsearch unresponsive.","All log ingestion stopped, monitoring blind for duration of incident.",Load Balancer,Production,"Terraform, AWS",Log rotation cron job failed silently due to permission change after OS upgrade.,1. Manually deleted old indices. 2. Fixed cron permissions. 3. Set up disk usage alert.,True,False,True,Incident,Incident,0.91,3240
INC-1319,S3 bucket access denied,Bug,Infrastructure / Cloud Issues,P1,Critical,Closed,2025-08-16 21:50:00,2025-08-19 10:50:00,Application throwing AccessDenied on all file upload attempts. Please look into this.,Application throwing AccessDenied on all S3 PutObject calls.,File uploads broken for all users.,Kubernetes Cluster,Production,"Terraform, AWS",IAM role policy accidentally removed during infrastructure-as-code refactor.,1. Identified missing statement in Terraform diff. 2. Re-applied policy. 3. Verified uploads.,False,False,False,Bug,Bug,0.94,3660
INC-1320,Grafana dashboard showing no data,Bug,Monitoring / Alert Noise,P2,High,Closed,2025-09-09 01:56:00,2025-09-13 06:56:00,All Grafana panels showing No Data despite metrics being present. It was working fine yesterday.,All panels in production dashboard showing No Data. Metrics visible in Prometheus UI.,Operations team blind to production health.,Monitoring,Production,ELK Stack,Grafana datasource URL changed after Prometheus pod rescheduled to new IP.,1. Updated datasource URL to use service DNS instead of pod IP. 2. Verified panels.,False,False,False,Bug,Bug,0.72,6060
INC-1321,Role misconfiguration,Incident,Authentication / Authorization Issues,P2,Medium,Closed,2025-09-04 04:09:00,2025-09-07 15:09:00,Customer reported: Admin users getting 403 Forbidden on billing portal.,Admin users getting 403 Forbidden on billing portal. Role shown as correct in DB.,Finance team blocked from critical workflows.,API Gateway,Production,"Node.js, JWT",Accidental deletion of role-to-permission mapping during migration cleanup script.,1. Restored mapping from DB backup. 2. Cleared permission cache. 3. Verified admin access.,False,False,True,Incident,Incident,0.95,4980
INC-1322,Feature not working,Bug,Application / Backend Issues,P1,High,Closed,2025-11-29 22:30:00,2025-12-02 09:30:00,Export to CSV button does nothing. Need a fix ASAP.,"No network request sent when clicking export button, console shows JS TypeError.","Users unable to export reports, blocking end-of-day workflows.",Reporting Job,Production,"Python, Django",Recent refactor broke event listener binding on dynamic elements.,1. Reverted UI component commit. 2. Cleared CDN cache. 3. Re-deployed.,False,False,False,Bug,Bug,0.72,3540
INC-1323,Timeouts on Dashboard,Bug,Application / Backend Issues,P3,Medium,Closed,2025-10-22 05:13:00,2025-10-24 23:13:00,FYI - Dashboard takes 30+ seconds to load and then times out.,"Gateway timeouts (504), high latency on /metrics endpoint.",All internal users experiencing slow load times.,Frontend Webapp,Production,"React, Node.js",Inefficient data aggregation logic causing N+1 database queries.,1. Temporarily disabled heavy widget. 2. Restarted API pods. 3. Optimised query with JOIN.,True,False,False,Bug,Bug,0.8,3960
INC-1324,API returning 500s,Improvement / Task,Application / Backend Issues,P3,Low,Resolved,2025-10-16 14:51:00,2025-10-16 16:51:00,Urgent: Checkout API is failing with 500 Internal Server Error.,"Spike in 500 status codes, logs show NullPointerException in payment module.",Users cannot complete checkout (approx 200 users affected).,Analytics API,Production,"Go, Gin",Unhandled null value in payment payload from third-party provider.,1. Added null check. 2. Deployed hotfix. 3. Monitored error rates.,True,True,False,Bug,Improvement / Task,0.6,120
INC-1325,OAuth token refresh broken,Incident,Authentication / Authorization Issues,P2,High,Closed,2025-12-12 03:50:00,2025-12-14 08:50:00,"Getting complaints that API clients getting 401 after 1 hour, refresh token invalid.",API clients getting 401 after 1 hour. Refresh token call returns invalid_grant.,All API integrations failing after initial token expires.,SSO Gateway,Production,"LDAP, Active Directory",Refresh token invalidated on any login event due to misconfigured session policy.,1. Identified session policy setting. 2. Disabled rotate-on-login. 3. Reissued tokens.,False,False,True,Incident,Incident,0.93,3180
INC-1326,Token expiration issue,Bug,Authentication / Authorization Issues,P3,Low,Resolved,2025-08-12 18:54:00,2025-08-15 14:54:00,Urgent: Users getting randomly logged out mid-session.,Users getting randomly logged out mid-session. JWT validation failing for valid tokens.,"All users affected, session stability broken platform-wide.",Session Store,Production,"OAuth2, Python",JWT signing key rotation job ran but new key not propagated to all auth pods.,1. Identified key mismatch in logs. 2. Restarted auth pods with correct key. 3. Forced re-login.,True,True,False,Bug,Bug,0.71,4080
INC-1327,Role misconfiguration,Incident,Authentication / Authorization Issues,P2,Medium,Closed,2025-10-22 00:52:00,2025-10-25 01:52:00,"Hey team, Admin users getting 403 Forbidden on billing portal.",Admin users getting 403 Forbidden on billing portal. Role shown as correct in DB.,Finance team blocked from critical workflows.,API Gateway,Production,"OAuth2, Python",Accidental deletion of role-to-permission mapping during migration cleanup script.,1. Restored mapping from DB backup. 2. Cleared permission cache. 3. Verified admin access.,False,False,True,Incident,Incident,0.85,4380
INC-1328,Upgrade deprecated library,Improvement / Task,Application / Backend Issues,P3,Low,Resolved,2025-10-20 06:07:00,2025-10-22 01:07:00,FYI - Dependabot flagged a critical CVE in the requests library. Need to upgrade to patched version.,Dependabot flagged critical CVE in requests library.,Potential SSRF vulnerability if exploited.,Analytics API,Production,"Java, Spring Boot",Dependency pinned to old version and never updated.,1. Upgraded to patched version. 2. Ran regression tests. 3. Deployed.,False,False,False,Improvement / Task,Improvement / Task,0.91,2580
INC-1329,Rare data inconsistency,Incident,Misc / Edge / New Issues,P2,Medium,Closed,2025-08-13 23:02:00,2025-08-17 17:02:00,"Hey team, Single record showing duplicate entry in user-facing table.",Single record showing duplicate entry in user-facing table. Cannot reproduce consistently.,Data integrity concern for one customer record.,Webapp,Production,Node.js,Race condition in concurrent write path under very specific timing.,1. Fixed duplicate manually. 2. Added unique constraint. 3. Reviewed concurrent write paths.,False,False,True,Incident,Incident,0.91,5400
INC-1330,Memory leak in backend service,Bug,Application / Backend Issues,P2,Medium,In Progress,2025-09-07 16:10:00,,"Backend service memory growing unboundedly, pods restarting. Please look into this.","RSS memory growing unboundedly, OOM killer terminating pods every 6 hours.",Service restarts causing 2-3 min downtime every 6 hours for all users.,Notification Service,Production,"Go, Gin",Pending investigation,Pending investigation,False,False,False,Bug,Bug,0.81,
INC-1331,Replication lag spike,Bug,Database Issues,P1,Critical,Resolved,2025-11-08 13:05:00,2025-11-08 19:05:00,Urgent: Read replica falling 45 minutes behind primary.,Read replica falling 45 minutes behind primary. Analytics queries returning stale data.,"Reporting dashboards showing incorrect figures, business decisions affected.",Inventory DB,Production,"PostgreSQL, PgBouncer",Long-running migration on primary blocked replication slot.,1. Cancelled migration. 2. Rescheduled for off-peak. 3. Monitored lag until recovered.,False,False,False,Bug,Bug,0.96,360
INC-1332,S3 bucket access denied,Bug,Infrastructure / Cloud Issues,P3,Low,Resolved,2025-09-21 11:58:00,2025-09-22 14:58:00,FYI - Application throwing AccessDenied on all file upload attempts.,Application throwing AccessDenied on all S3 PutObject calls.,File uploads broken for all users.,ELK Stack,Production,"Elasticsearch, Linux",IAM role policy accidentally removed during infrastructure-as-code refactor.,1. Identified missing statement in Terraform diff. 2. Re-applied policy. 3. Verified uploads.,True,True,False,Bug,Bug,0.77,1620
INC-1333,Role misconfiguration,Incident,Authentication / Authorization Issues,P2,High,Resolved,2025-09-18 18:58:00,2025-09-21 12:58:00,Customer reported: Admin users getting 403 Forbidden on billing portal.,Admin users getting 403 Forbidden on billing portal. Role shown as correct in DB.,Finance team blocked from critical workflows.,Session Store,Staging,Keycloak,Accidental deletion of role-to-permission mapping during migration cleanup script.,1. Restored mapping from DB backup. 2. Cleared permission cache. 3. Verified admin access.,False,False,True,Incident,Incident,0.83,3960
INC-1334,Upgrade deprecated library,Improvement / Task,Application / Backend Issues,P2,Low,Closed,2025-08-09 19:07:00,2025-08-10 00:07:00,Tech debt item: Dependabot flagged a critical CVE in the requests library. Need to upgrade to patched version.,Dependabot flagged critical CVE in requests library.,Potential SSRF vulnerability if exploited.,Frontend Webapp,Production,"Go, Gin",Dependency pinned to old version and never updated.,1. Upgraded to patched version. 2. Ran regression tests. 3. Deployed.,True,False,True,Improvement / Task,Improvement / Task,0.74,300
INC-1335,Implement token rotation policy,Improvement / Task,Authentication / Authorization Issues,P3,Low,In Progress,2025-08-02 12:49:00,,Security audit flagged long-lived refresh tokens as a risk. Need to define and enforce rotation policy. Please look into this.,Security audit flagged long-lived refresh tokens as risk.,Stolen refresh tokens valid indefinitely if not rotated.,Session Store,Staging,"Redis, Node.js",Pending investigation,Pending investigation,False,False,False,Improvement / Task,Improvement / Task,0.94,
INC-1336,Automate log rotation configuration,Improvement / Task,Infrastructure / Cloud Issues,P2,Low,Resolved,2025-10-12 07:41:00,2025-10-12 10:41:00,Raising this for tracking: Post-incident review flagged manual log rotation as a recurring operational risk across all nodes.,Post-incident review revealed manual log rotation as recurring risk.,Recurring risk of disk full incidents across all logging nodes.,Kubernetes Cluster,Production,"Elasticsearch, Linux",No standardised log rotation policy enforced via configuration management.,1. Added logrotate config to Ansible playbook. 2. Applied across fleet. 3. Tested.,False,False,False,Improvement / Task,Improvement / Task,0.8,180
INC-1337,Pod crash looping,Incident,Infrastructure / Cloud Issues,P3,Medium,Resolved,2025-08-30 02:21:00,2025-08-31 00:21:00,"Payment service pods in CrashLoopBackOff, restarting every 30s. Please look into this.",CrashLoopBackOff on payment-service pods. Restarts every 30 seconds.,"Payment service fully down, all transactions failing.",S3 Buckets,Production,"Terraform, AWS",Missing environment variable after config map was accidentally deleted.,1. Checked pod logs. 2. Restored config map from git. 3. Pods stabilised.,True,True,True,Incident,Incident,0.8,1320
INC-1338,TLS certificate expired,Incident,Network / Connectivity Issues,P3,Medium,Resolved,2025-12-28 17:06:00,2025-12-29 06:06:00,"FYI - Browser showing certificate error, all HTTPS traffic failing. Any ideas?",Browser showing certificate error on main domain. API clients failing SSL handshake.,"All external traffic failing, complete customer-facing outage.",CoreDNS,Production,Cloudflare,cert-manager failed to renew certificate due to DNS challenge timeout.,1. Manually renewed via Let's Encrypt. 2. Fixed DNS challenge config. 3. Verified cert-manager auto-renew.,False,False,True,Incident,Incident,0.85,780
INC-1339,Replication lag spike,Incident,Database Issues,P2,Medium,Closed,2026-01-30 11:33:00,2026-01-30 21:33:00,Read replica falling 45 minutes behind primary. Need a fix ASAP.,Read replica falling 45 minutes behind primary. Analytics queries returning stale data.,"Reporting dashboards showing incorrect figures, business decisions affected.",Inventory DB,Production,"PostgreSQL, PgBouncer",Long-running migration on primary blocked replication slot.,1. Cancelled migration. 2. Rescheduled for off-peak. 3. Monitored lag until recovered.,False,False,True,Incident,Incident,0.92,600
INC-1340,Background job not running,Improvement / Task,Application / Backend Issues,P2,Medium,Resolved,2025-12-14 06:21:00,2025-12-17 06:21:00,Urgent: Nightly report emails not being sent.,Nightly report emails not sent. Celery beat logs show task queued but never picked up.,Finance team missing daily summary reports.,Reporting Job,Production,"Java, Spring Boot",Redis connection pool exhausted; beat scheduler silently skipping tasks.,1. Restarted Redis. 2. Increased max connections. 3. Added alerting on queue depth.,True,True,True,Incident,Improvement / Task,0.68,4320
INC-1341,Add DB query performance monitoring,Improvement / Task,Database Issues,P2,Medium,Resolved,2026-01-10 21:53:00,2026-01-11 10:53:00,FYI - Slow queries only discovered reactively after user complaints. Need proactive query monitoring.,Slow queries only discovered reactively after user complaints.,No visibility into query performance trends before they cause incidents.,User DB,Production,MySQL,"pg_stat_statements not enabled, no slow query logging configured.",1. Enabled pg_stat_statements. 2. Set log_min_duration_statement=500ms. 3. Added Grafana dashboard.,False,False,False,Improvement / Task,Improvement / Task,0.83,780
INC-1342,Refactor authentication middleware,Improvement / Task,Application / Backend Issues,P3,Low,Resolved,2025-11-12 12:33:00,2025-11-14 08:33:00,Auth logic is duplicated across 7 views. Code review flagged this as a maintenance and security risk. Please look into this.,Code review flagged auth logic duplicated across 7 views.,Technical debt increasing risk of auth bypass in future changes.,Order API,Production,"React, Node.js",Auth logic was copy-pasted during rapid feature development phase.,1. Extracted to reusable middleware. 2. Wrote unit tests. 3. Deployed incrementally.,True,True,False,Improvement / Task,Improvement / Task,0.86,2640
INC-1343,TLS certificate expired,Bug,Network / Connectivity Issues,P1,High,Resolved,2025-11-23 08:17:00,2025-11-25 21:17:00,"Browser showing certificate error, all HTTPS traffic failing. Please look into this.",Browser showing certificate error on main domain. API clients failing SSL handshake.,"All external traffic failing, complete customer-facing outage.",Load Balancer,Production,Istio,cert-manager failed to renew certificate due to DNS challenge timeout.,1. Manually renewed via Let's Encrypt. 2. Fixed DNS challenge config. 3. Verified cert-manager auto-renew.,True,False,False,Bug,Bug,0.83,3660
INC-1344,Slow query degrading API response,Bug,Application / Backend Issues,P2,High,Closed,2025-12-10 14:36:00,2025-12-14 15:36:00,Orders endpoint latency spiked from 200ms to 8 seconds. Need a fix ASAP.,P99 latency spiking from 200ms to 8s on /orders endpoint.,Order confirmation page timing out for ~15% of users.,Order API,Production,"Java, Spring Boot",Missing index on orders.created_at column after schema migration.,1. Ran EXPLAIN ANALYZE. 2. Added index concurrently. 3. Verified latency drop.,False,False,False,Bug,Bug,0.91,5820
INC-1345,Node not ready in cluster,Bug,Infrastructure / Cloud Issues,P1,High,Closed,2025-08-18 20:39:00,2025-08-23 16:39:00,"Hey team, Kubernetes node showing NotReady, pods being evicted.",kubectl shows node in NotReady state. Pods evicted and rescheduled causing brief downtime.,"30% capacity reduction, some pods pending for 15 minutes.",Kubernetes Cluster,Production,"AWS EC2, Python",Kubelet ran out of memory due to log file accumulation on node.,1. Drained node. 2. Cleared logs. 3. Restarted kubelet. 4. Uncordoned.,True,True,False,Bug,Bug,0.95,6960
INC-1346,Automate log rotation configuration,Improvement / Task,Infrastructure / Cloud Issues,P3,Low,Resolved,2025-08-29 18:39:00,2025-08-30 07:39:00,FYI - Post-incident review flagged manual log rotation as a recurring operational risk across all nodes.,Post-incident review revealed manual log rotation as recurring risk.,Recurring risk of disk full incidents across all logging nodes.,S3 Buckets,Production,"AWS EC2, Python",No standardised log rotation policy enforced via configuration management.,1. Added logrotate config to Ansible playbook. 2. Applied across fleet. 3. Tested.,False,False,False,Improvement / Task,Improvement / Task,0.97,780
INC-1347,Implement mTLS across service mesh,Improvement / Task,Network / Connectivity Issues,P3,Low,Closed,2025-10-17 19:56:00,2025-10-20 23:56:00,Raising this for tracking: Security audit found internal service-to-service traffic is unencrypted. mTLS needs to be enforced.,Security audit found internal service-to-service traffic unencrypted.,Risk of lateral movement if network is compromised.,VPN Gateway,Production,Kubernetes,"Istio mTLS set to PERMISSIVE mode, never enforced.",1. Gradually enabled STRICT mTLS per namespace. 2. Fixed services failing handshake. 3. Enforced globally.,False,False,False,Improvement / Task,Improvement / Task,0.82,4560
INC-1348,Rare data inconsistency,Bug,Misc / Edge / New Issues,P2,High,Resolved,2026-01-19 07:45:00,2026-01-19 20:45:00,Single record showing duplicate entry in user-facing table. It was working fine yesterday.,Single record showing duplicate entry in user-facing table. Cannot reproduce consistently.,Data integrity concern for one customer record.,Webapp,Production,React,Race condition in concurrent write path under very specific timing.,1. Fixed duplicate manually. 2. Added unique constraint. 3. Reviewed concurrent write paths.,False,False,False,Bug,Bug,0.93,780
INC-1349,Memory leak in backend service,Improvement / Task,Application / Backend Issues,P3,Low,Resolved,2026-01-15 23:30:00,2026-01-16 06:30:00,"Backend service memory growing unboundedly, pods restarting. It was working fine yesterday.","RSS memory growing unboundedly, OOM killer terminating pods every 6 hours.",Service restarts causing 2-3 min downtime every 6 hours for all users.,Order API,Staging,"Go, Gin",Celery worker holding reference to large object after task completion.,1. Identified object with memory profiler. 2. Added explicit del. 3. Redeployed.,False,False,False,Bug,Improvement / Task,0.73,420
INC-1350,Node not ready in cluster,Incident,Infrastructure / Cloud Issues,P3,Low,Closed,2026-01-24 01:50:00,2026-01-26 02:50:00,"Kubernetes node showing NotReady, pods being evicted. Need a fix ASAP.",kubectl shows node in NotReady state. Pods evicted and rescheduled causing brief downtime.,"30% capacity reduction, some pods pending for 15 minutes.",EC2 Fleet,Production,"Ansible, Linux",Kubelet ran out of memory due to log file accumulation on node.,1. Drained node. 2. Cleared logs. 3. Restarted kubelet. 4. Uncordoned.,True,False,True,Incident,Incident,0.81,2940
INC-1351,Pod crash looping,Bug,Infrastructure / Cloud Issues,P3,Low,Resolved,2025-09-24 07:51:00,2025-09-26 09:51:00,"Customer reported: Payment service pods in CrashLoopBackOff, restarting every 30s.",CrashLoopBackOff on payment-service pods. Restarts every 30 seconds.,"Payment service fully down, all transactions failing.",Celery Workers,Production,"Ansible, Linux",Missing environment variable after config map was accidentally deleted.,1. Checked pod logs. 2. Restored config map from git. 3. Pods stabilised.,False,False,True,Bug,Bug,0.74,3000
INC-1352,Duplicate alerts firing,Bug,Monitoring / Alert Noise,P3,Medium,Closed,2025-08-13 00:57:00,2025-08-17 22:57:00,Urgent: Receiving 50+ PagerDuty pages for the same event within 2 minutes.,Receiving 50+ PagerDuty pages for the same CPU spike event within 2 minutes.,"On-call engineer overwhelmed, real alerts buried in noise.",Alertmanager,Production,"Grafana, Loki",Alertmanager group_wait and group_interval misconfigured after config refactor.,1. Updated group_wait=30s and group_interval=5m. 2. Reloaded config. 3. Tested with firing rule.,False,False,True,Bug,Bug,0.93,7080
INC-1353,Slow query degrading API response,Incident,Application / Backend Issues,P2,Medium,Resolved,2025-12-09 03:14:00,2025-12-10 14:14:00,FYI - Orders endpoint latency spiked from 200ms to 8 seconds. Any ideas?,P99 latency spiking from 200ms to 8s on /orders endpoint.,Order confirmation page timing out for ~15% of users.,Order API,Production,"Python, FastAPI",Missing index on orders.created_at column after schema migration.,1. Ran EXPLAIN ANALYZE. 2. Added index concurrently. 3. Verified latency drop.,True,False,True,Incident,Incident,0.9,2100
INC-1354,Grafana dashboard showing no data,Incident,Monitoring / Alert Noise,P2,High,Resolved,2025-11-29 03:22:00,2025-12-02 01:22:00,All Grafana panels showing No Data despite metrics being present. It was working fine yesterday.,All panels in production dashboard showing No Data. Metrics visible in Prometheus UI.,Operations team blind to production health.,Alertmanager,Production,OpenTelemetry,Grafana datasource URL changed after Prometheus pod rescheduled to new IP.,1. Updated datasource URL to use service DNS instead of pod IP. 2. Verified panels.,False,False,True,Incident,Incident,0.87,4200
INC-1355,Implement SLO-based alerting,Improvement / Task,Monitoring / Alert Noise,P3,Low,Resolved,2025-10-14 05:58:00,2025-10-14 09:58:00,"Hey team, Current alerts track symptoms not reliability targets. Need to define SLOs and error budget alerts.","Current alerts track symptoms, not user-facing reliability targets.",Hard to know if reliability commitments are being met.,Monitoring,Production,"Grafana, Loki","No SLOs defined, alerting purely infrastructure-focused.",1. Defined SLOs for 3 key services. 2. Implemented error budget alerts. 3. Created SLO dashboard.,False,False,True,Improvement / Task,Improvement / Task,0.75,240
INC-1356,Timeouts on Dashboard,Bug,Application / Backend Issues,P3,Low,Resolved,2025-10-01 21:10:00,2025-10-02 10:10:00,Dashboard takes 30+ seconds to load and then times out.,"Gateway timeouts (504), high latency on /metrics endpoint.",All internal users experiencing slow load times.,Order API,Production,"React, Node.js",Inefficient data aggregation logic causing N+1 database queries.,1. Temporarily disabled heavy widget. 2. Restarted API pods. 3. Optimised query with JOIN.,True,True,False,Bug,Bug,0.94,780
INC-1357,Tune alert thresholds to reduce noise,Improvement / Task,Monitoring / Alert Noise,P3,Medium,Closed,2025-12-02 12:38:00,2025-12-03 20:38:00,"Action item from last retro: On-call team receiving 30+ alerts per night, most not actionable. Need to tune thresholds.","On-call team receiving 30+ alerts per night, most not actionable.",Alert fatigue leading to delayed response on real incidents.,Datadog,Production,OpenTelemetry,"Alert thresholds set conservatively during initial setup, never revisited.",1. Analysed 30-day alert history. 2. Tuned thresholds per service SLA. 3. Reduced nightly alerts by 70%.,False,False,False,Improvement / Task,Improvement / Task,0.97,1920
INC-1358,Deadlock errors in transaction logs,Incident,Database Issues,P1,Critical,Closed,2025-08-15 02:17:00,2025-08-17 00:17:00,CRITICAL: Intermittent deadlock exceptions in order processing every 2 hours.,Intermittent deadlock exceptions in order processing service every ~2 hours.,Approximately 0.5% of orders failing and requiring manual retry.,Main DB,Production,MySQL,Two services acquiring locks on orders and inventory tables in opposite order.,1. Identified lock order from pg_locks. 2. Standardised lock acquisition order. 3. Deployed.,False,False,True,Incident,Incident,0.97,2760
INC-1359,Pipeline stuck,Incident,CI/CD & Deployment Issues,P3,Medium,Closed,2025-11-23 07:39:00,2025-11-27 10:39:00,Production deployment pipeline hanging at build step for 2+ hours. Please look into this.,Production deployment pipeline hanging at build step for 2+ hours. No error output.,"Release blocked, hotfix cannot reach production.",Jenkins,Production,"Kubernetes, Helm",Deadlock in concurrent test step caused by shared file handle.,1. Aborted stuck job. 2. Cleared workspace. 3. Added timeout to test step. 4. Reran.,True,True,True,Incident,Incident,0.76,5940
INC-1360,Docker image build failing,Incident,CI/CD & Deployment Issues,P2,Medium,Resolved,2025-10-06 17:10:00,2025-10-07 22:10:00,"Hey team, CI failing at docker build with package not found error.",CI failing at docker build step: 'package not found'. Worked in local builds.,All deployments blocked for 3 services sharing this base image.,Docker Registry,Production,"Kubernetes, Helm",Upstream Alpine package repository changed package name in new version.,1. Pinned base image to specific digest. 2. Updated package name. 3. Rebuilt.,False,False,True,Incident,Incident,0.96,1740
INC-1361,Slow query degrading API response,Incident,Application / Backend Issues,P1,High,Resolved,2025-09-23 02:15:00,2025-09-25 08:15:00,Getting complaints that Orders endpoint latency spiked from 200ms to 8 seconds.,P99 latency spiking from 200ms to 8s on /orders endpoint.,Order confirmation page timing out for ~15% of users.,Reporting Job,Production,"Java, Spring Boot",Missing index on orders.created_at column after schema migration.,1. Ran EXPLAIN ANALYZE. 2. Added index concurrently. 3. Verified latency drop.,True,True,False,Incident,Incident,0.94,3240
INC-1362,Docker image build failing,Bug,CI/CD & Deployment Issues,P2,High,Resolved,2026-01-14 09:02:00,2026-01-15 04:02:00,CI failing at docker build with package not found error.,CI failing at docker build step: 'package not found'. Worked in local builds.,All deployments blocked for 3 services sharing this base image.,Jenkins,Production,"Kubernetes, Helm",Upstream Alpine package repository changed package name in new version.,1. Pinned base image to specific digest. 2. Updated package name. 3. Rebuilt.,False,False,False,Bug,Bug,0.9,1140
INC-1363,Duplicate alerts firing,Incident,Monitoring / Alert Noise,P2,High,Closed,2025-11-07 00:22:00,2025-11-10 10:22:00,Receiving 50+ PagerDuty pages for the same event within 2 minutes.,Receiving 50+ PagerDuty pages for the same CPU spike event within 2 minutes.,"On-call engineer overwhelmed, real alerts buried in noise.",PagerDuty,Production,ELK Stack,Alertmanager group_wait and group_interval misconfigured after config refactor.,1. Updated group_wait=30s and group_interval=5m. 2. Reloaded config. 3. Tested with firing rule.,False,False,True,Incident,Incident,0.83,4920
INC-1364,Pod crash looping,Incident,Infrastructure / Cloud Issues,P1,Critical,Resolved,2025-12-07 04:44:00,2025-12-09 10:44:00,"Payment service pods in CrashLoopBackOff, restarting every 30s.",CrashLoopBackOff on payment-service pods. Restarts every 30 seconds.,"Payment service fully down, all transactions failing.",ELK Stack,Production,"Kubernetes, Docker",Missing environment variable after config map was accidentally deleted.,1. Checked pod logs. 2. Restored config map from git. 3. Pods stabilised.,True,True,False,Incident,Incident,0.88,3240
INC-1365,Implement SLO-based alerting,Bug,Monitoring / Alert Noise,P3,Medium,Closed,2025-12-07 08:03:00,2025-12-08 06:03:00,Tech debt item: Current alerts track symptoms not reliability targets. Need to define SLOs and error budget alerts.,"Current alerts track symptoms, not user-facing reliability targets.",Hard to know if reliability commitments are being met.,Datadog,Staging,ELK Stack,"No SLOs defined, alerting purely infrastructure-focused.",1. Defined SLOs for 3 key services. 2. Implemented error budget alerts. 3. Created SLO dashboard.,True,True,False,Improvement / Task,Bug,0.74,1320
INC-1366,Pod crash looping,Incident,Infrastructure / Cloud Issues,P3,Low,Resolved,2025-09-29 07:10:00,2025-09-29 22:10:00,"Payment service pods in CrashLoopBackOff, restarting every 30s. Please look into this.",CrashLoopBackOff on payment-service pods. Restarts every 30 seconds.,"Payment service fully down, all transactions failing.",EC2 Fleet,Production,"Kubernetes, Docker",Missing environment variable after config map was accidentally deleted.,1. Checked pod logs. 2. Restored config map from git. 3. Pods stabilised.,True,True,True,Incident,Incident,0.75,900
INC-1367,Feature not working,Bug,Application / Backend Issues,P2,Medium,Resolved,2026-01-15 08:06:00,2026-01-15 14:06:00,Urgent: Export to CSV button does nothing.,"No network request sent when clicking export button, console shows JS TypeError.","Users unable to export reports, blocking end-of-day workflows.",Reporting Job,Staging,"Python, FastAPI",Recent refactor broke event listener binding on dynamic elements.,1. Reverted UI component commit. 2. Cleared CDN cache. 3. Re-deployed.,False,False,False,Bug,Bug,0.83,360
INC-1368,Set up cluster autoscaler,Bug,Infrastructure / Cloud Issues,P3,Low,Resolved,2025-08-01 19:13:00,2025-08-03 03:13:00,Raising this for tracking: During peak traffic pods go pending due to insufficient capacity. Manual scaling is causing too much toil.,"During peak traffic, pods pending due to insufficient node capacity.","Manual scaling required during traffic spikes, causing toil.",Kubernetes Cluster,Production,"Elasticsearch, Linux","Cluster autoscaler not configured, capacity managed entirely manually.",1. Installed cluster-autoscaler helm chart. 2. Set min/max node counts. 3. Load tested.,False,False,False,Improvement / Task,Bug,0.6,1920
INC-1369,Database migration failed,Incident,Database Issues,P2,High,Resolved,2025-12-31 16:13:00,2026-01-03 09:13:00,"Deploy pipeline failed at migration step, schema in inconsistent state. It was working fine yesterday.",Deploy pipeline failed at migration step. Service rolled back but DB partially migrated.,"Inconsistent schema state, one feature broken until fixed.",Analytics DB,Production,"MongoDB, Python",Non-transactional DDL statement (adding index) inside transaction block.,1. Ran compensating migration manually. 2. Verified schema. 3. Fixed migration script.,False,False,False,Incident,Incident,0.75,3900
INC-1370,API returning 500s,Incident,Application / Backend Issues,P3,Medium,Resolved,2025-12-08 02:47:00,2025-12-10 03:47:00,Checkout API is failing with 500 Internal Server Error. Need a fix ASAP.,"Spike in 500 status codes, logs show NullPointerException in payment module.",Users cannot complete checkout (approx 200 users affected).,Checkout Service,Production,"Python, Django",Unhandled null value in payment payload from third-party provider.,1. Added null check. 2. Deployed hotfix. 3. Monitored error rates.,True,False,True,Incident,Incident,0.9,2940
INC-1371,High CPU on worker nodes,Incident,Infrastructure / Cloud Issues,P1,Critical,Resolved,2025-10-28 16:50:00,2025-10-29 00:50:00,"Node CPU at 95%+, multiple pods throttled. Affecting multiple users.",Node CPU at 95%+. Multiple pods throttled causing cascading slowdowns.,"System-wide latency spike, 3 services degraded simultaneously.",EC2 Fleet,Production,"Elasticsearch, Linux",Runaway Celery task consuming CPU due to infinite retry loop on bad message.,1. Identified task with top. 2. Purged queue. 3. Added max_retries to task config.,False,False,False,Incident,Incident,0.86,480
INC-1372,Timeouts on Dashboard,Incident,Application / Backend Issues,P3,Medium,Resolved,2025-12-22 00:12:00,2025-12-22 14:12:00,CRITICAL: Dashboard takes 30+ seconds to load and then times out.,"Gateway timeouts (504), high latency on /metrics endpoint.",All internal users experiencing slow load times.,Notification Service,Production,"Python, FastAPI",Inefficient data aggregation logic causing N+1 database queries.,1. Temporarily disabled heavy widget. 2. Restarted API pods. 3. Optimised query with JOIN.,True,True,True,Incident,Incident,0.9,840
INC-1373,Duplicate alerts firing,Incident,Monitoring / Alert Noise,P3,Low,Closed,2025-09-02 12:03:00,2025-09-02 13:03:00,Urgent: Receiving 50+ PagerDuty pages for the same event within 2 minutes.,Receiving 50+ PagerDuty pages for the same CPU spike event within 2 minutes.,"On-call engineer overwhelmed, real alerts buried in noise.",PagerDuty,Production,"Grafana, Loki",Alertmanager group_wait and group_interval misconfigured after config refactor.,1. Updated group_wait=30s and group_interval=5m. 2. Reloaded config. 3. Tested with firing rule.,False,False,True,Incident,Incident,0.72,60
INC-1374,High CPU on worker nodes,Incident,Infrastructure / Cloud Issues,P2,Medium,Resolved,2025-09-28 07:19:00,2025-09-28 13:19:00,"Node CPU at 95%+, multiple pods throttled.",Node CPU at 95%+. Multiple pods throttled causing cascading slowdowns.,"System-wide latency spike, 3 services degraded simultaneously.",ELK Stack,Staging,"AWS EC2, Python",Runaway Celery task consuming CPU due to infinite retry loop on bad message.,1. Identified task with top. 2. Purged queue. 3. Added max_retries to task config.,False,False,True,Incident,Incident,0.93,360
INC-1375,Disk full on logging server,Incident,Infrastructure / Cloud Issues,P2,High,Resolved,2025-08-12 16:48:00,2025-08-13 01:48:00,"Unable to write logs, getting No Space Left on Device. Please look into this.","Unable to write logs, getting 'No Space Left on Device'. Elasticsearch unresponsive.","All log ingestion stopped, monitoring blind for duration of incident.",Load Balancer,Production,"AWS EC2, Python",Log rotation cron job failed silently due to permission change after OS upgrade.,1. Manually deleted old indices. 2. Fixed cron permissions. 3. Set up disk usage alert.,True,True,False,Incident,Incident,0.99,540
INC-1376,Docker image build failing,Incident,CI/CD & Deployment Issues,P2,Medium,Resolved,2025-09-23 04:26:00,2025-09-23 23:26:00,pls check ASAP: CI failing at docker build with package not found error.,CI failing at docker build step: 'package not found'. Worked in local builds.,All deployments blocked for 3 services sharing this base image.,ArgoCD,Production,"ArgoCD, Kustomize",Upstream Alpine package repository changed package name in new version.,1. Pinned base image to specific digest. 2. Updated package name. 3. Rebuilt.,False,False,True,Incident,Incident,0.92,1140
INC-1377,Pod crash looping,Incident,Infrastructure / Cloud Issues,P2,Medium,Closed,2025-10-16 07:12:00,2025-10-18 06:12:00,"Payment service pods in CrashLoopBackOff, restarting every 30s. Please look into this.",CrashLoopBackOff on payment-service pods. Restarts every 30 seconds.,"Payment service fully down, all transactions failing.",S3 Buckets,Production,"Kubernetes, Docker",Missing environment variable after config map was accidentally deleted.,1. Checked pod logs. 2. Restored config map from git. 3. Pods stabilised.,True,False,False,Incident,Incident,0.73,2820
INC-1378,Deadlock errors in transaction logs,Incident,Database Issues,P2,High,Closed,2025-09-03 17:16:00,2025-09-07 15:16:00,Intermittent deadlock exceptions in order processing every 2 hours. Please look into this.,Intermittent deadlock exceptions in order processing service every ~2 hours.,Approximately 0.5% of orders failing and requiring manual retry.,Main DB,Production,Redis,Two services acquiring locks on orders and inventory tables in opposite order.,1. Identified lock order from pg_locks. 2. Standardised lock acquisition order. 3. Deployed.,False,False,True,Incident,Incident,0.94,5640
INC-1379,SSO login loop,Incident,Authentication / Authorization Issues,P1,Critical,Closed,2025-09-05 16:17:00,2025-09-09 01:17:00,Users redirected in infinite loop between app and SSO provider.,Users redirected in infinite loop between app and SSO provider. Never lands on dashboard.,"All SSO-based logins broken, affecting 80% of user base.",IAM Module,Production,"Node.js, JWT",Redirect URI mismatch after domain change not updated in SSO provider config.,1. Updated redirect URI in Keycloak. 2. Cleared browser cookies. 3. Verified login flow.,False,False,True,Incident,Incident,0.83,4860
INC-1380,API returning 500s,Bug,Application / Backend Issues,P2,High,Resolved,2025-09-28 12:42:00,2025-09-29 16:42:00,Customer reported: Checkout API is failing with 500 Internal Server Error.,"Spike in 500 status codes, logs show NullPointerException in payment module.",Users cannot complete checkout (approx 200 users affected).,Frontend Webapp,Production,"React, Node.js",Unhandled null value in payment payload from third-party provider.,1. Added null check. 2. Deployed hotfix. 3. Monitored error rates.,True,False,True,Bug,Bug,0.92,1680
INC-1381,Deadlock errors in transaction logs,Incident,Database Issues,P2,Medium,In Progress,2026-01-07 22:39:00,,Intermittent deadlock exceptions in order processing every 2 hours.,Intermittent deadlock exceptions in order processing service every ~2 hours.,Approximately 0.5% of orders failing and requiring manual retry.,Main DB,Production,"PostgreSQL, PgBouncer",Pending investigation,Pending investigation,False,False,False,Incident,Incident,0.92,
INC-1382,Token expiration issue,Bug,Authentication / Authorization Issues,P3,Low,Resolved,2025-09-19 13:08:00,2025-09-20 12:08:00,Users getting randomly logged out mid-session. It was working fine yesterday.,Users getting randomly logged out mid-session. JWT validation failing for valid tokens.,"All users affected, session stability broken platform-wide.",API Gateway,Production,"Node.js, JWT",JWT signing key rotation job ran but new key not propagated to all auth pods.,1. Identified key mismatch in logs. 2. Restarted auth pods with correct key. 3. Forced re-login.,True,True,False,Bug,Bug,0.77,1380
INC-1383,Duplicate alerts firing,Bug,Monitoring / Alert Noise,P2,Medium,Resolved,2025-11-29 13:22:00,2025-12-01 22:22:00,FYI - Receiving 50+ PagerDuty pages for the same event within 2 minutes.,Receiving 50+ PagerDuty pages for the same CPU spike event within 2 minutes.,"On-call engineer overwhelmed, real alerts buried in noise.",Monitoring,Production,Prometheus,Alertmanager group_wait and group_interval misconfigured after config refactor.,1. Updated group_wait=30s and group_interval=5m. 2. Reloaded config. 3. Tested with firing rule.,False,False,False,Bug,Bug,0.75,3420
INC-1384,Webhook delivery failure,Bug,Misc / Edge / New Issues,P3,Medium,Closed,2025-12-14 04:53:00,2025-12-18 01:53:00,Third-party integration not receiving webhooks since last Tuesday. Need a fix ASAP.,Third-party integration not receiving webhooks since last Tuesday.,"Partner integration broken, manual workaround in place.",Webhook Handler,Production,"Celery, Redis","Webhook URL changed on partner side without notification, our side still hitting old URL.",1. Contacted partner. 2. Updated webhook URL. 3. Verified delivery resumed.,False,False,True,Bug,Bug,0.76,5580
INC-1385,Memory leak in backend service,Incident,Application / Backend Issues,P1,High,Closed,2025-08-14 20:47:00,2025-08-15 04:47:00,"Backend service memory growing unboundedly, pods restarting. Affecting multiple users.","RSS memory growing unboundedly, OOM killer terminating pods every 6 hours.",Service restarts causing 2-3 min downtime every 6 hours for all users.,Frontend Webapp,Production,"Python, Django",Celery worker holding reference to large object after task completion.,1. Identified object with memory profiler. 2. Added explicit del. 3. Redeployed.,False,False,True,Incident,Incident,0.75,480
INC-1386,ArgoCD app out of sync,Incident,CI/CD & Deployment Issues,P3,Low,In Progress,2026-01-16 23:25:00,,pls check ASAP: ArgoCD showing OutOfSync but sync fails with permission error.,ArgoCD showing app OutOfSync but sync button fails with permission error.,"Config changes not deploying, manual kubectl apply required as workaround.",ArgoCD,Production,GitLab CI,Pending investigation,Pending investigation,True,False,True,Incident,Incident,0.95,
INC-1387,Refactor authentication middleware,Improvement / Task,Application / Backend Issues,P3,Medium,Closed,2025-09-22 15:34:00,2025-09-27 15:34:00,Action item from last retro: Auth logic is duplicated across 7 views. Code review flagged this as a maintenance and security risk.,Code review flagged auth logic duplicated across 7 views.,Technical debt increasing risk of auth bypass in future changes.,Frontend Webapp,Production,"Java, Spring Boot",Auth logic was copy-pasted during rapid feature development phase.,1. Extracted to reusable middleware. 2. Wrote unit tests. 3. Deployed incrementally.,False,False,False,Improvement / Task,Improvement / Task,0.86,7200
INC-1388,Rare data inconsistency,Bug,Misc / Edge / New Issues,P2,Medium,Resolved,2026-01-07 07:27:00,2026-01-08 19:27:00,"Hey team, Single record showing duplicate entry in user-facing table.",Single record showing duplicate entry in user-facing table. Cannot reproduce consistently.,Data integrity concern for one customer record.,Webapp,Production,Python,Race condition in concurrent write path under very specific timing.,1. Fixed duplicate manually. 2. Added unique constraint. 3. Reviewed concurrent write paths.,True,True,False,Bug,Bug,0.94,2160
INC-1389,Add rate limiting to public API,Improvement / Task,Application / Backend Issues,P3,Low,Closed,2026-01-11 14:28:00,2026-01-16 13:28:00,"Hey team, Public API has no rate limiting. Identified during capacity planning — need to implement before launch.","No immediate symptoms, identified during capacity planning review.",Risk of API abuse if not addressed before product launch.,Analytics API,Production,"Python, FastAPI",Rate limiting was never implemented on public-facing endpoints.,1. Evaluated django-ratelimit. 2. Implemented per-IP throttle. 3. Tested with load script.,False,False,False,Improvement / Task,Improvement / Task,0.86,7140
INC-1390,DNS resolution failing,Bug,Network / Connectivity Issues,P3,Medium,Resolved,2025-09-09 01:36:00,2025-09-10 14:36:00,Services cannot resolve internal and external domains intermittently. It was working fine yesterday.,Services intermittently failing to resolve internal and external domains.,Cascading failures across 4 services depending on external APIs.,Internal Mesh,Production,"Nginx, AWS ALB",CoreDNS pods overwhelmed by DNS flood from misconfigured ndots setting.,1. Scaled CoreDNS replicas from 2 to 5. 2. Added ndots:1 to pod DNS config. 3. Verified resolution.,True,False,True,Bug,Bug,0.77,2220
INC-1391,Pipeline stuck,Bug,CI/CD & Deployment Issues,P1,High,Resolved,2025-11-03 03:47:00,2025-11-05 08:47:00,Production deployment pipeline hanging at build step for 2+ hours.,Production deployment pipeline hanging at build step for 2+ hours. No error output.,"Release blocked, hotfix cannot reach production.",ArgoCD,Production,"Jenkins, GitHub Actions",Deadlock in concurrent test step caused by shared file handle.,1. Aborted stuck job. 2. Cleared workspace. 3. Added timeout to test step. 4. Reran.,False,False,False,Bug,Bug,0.8,3180
INC-1392,Node not ready in cluster,Bug,Infrastructure / Cloud Issues,P3,Medium,Closed,2026-01-25 11:18:00,2026-01-29 07:18:00,"FYI - Kubernetes node showing NotReady, pods being evicted.",kubectl shows node in NotReady state. Pods evicted and rescheduled causing brief downtime.,"30% capacity reduction, some pods pending for 15 minutes.",Load Balancer,Production,"Kubernetes, Docker",Kubelet ran out of memory due to log file accumulation on node.,1. Drained node. 2. Cleared logs. 3. Restarted kubelet. 4. Uncordoned.,True,False,False,Bug,Bug,0.91,5520
INC-1393,Database migration failed,Incident,Database Issues,P2,Medium,Resolved,2025-09-15 15:10:00,2025-09-16 02:10:00,"Customer reported: Deploy pipeline failed at migration step, schema in inconsistent state.",Deploy pipeline failed at migration step. Service rolled back but DB partially migrated.,"Inconsistent schema state, one feature broken until fixed.",Analytics DB,Production,Redis,Non-transactional DDL statement (adding index) inside transaction block.,1. Ran compensating migration manually. 2. Verified schema. 3. Fixed migration script.,False,False,True,Incident,Incident,0.83,660
INC-1394,Replication lag spike,Bug,Database Issues,P3,Low,Resolved,2026-01-03 18:59:00,2026-01-06 08:59:00,Read replica falling 45 minutes behind primary.,Read replica falling 45 minutes behind primary. Analytics queries returning stale data.,"Reporting dashboards showing incorrect figures, business decisions affected.",Reporting DB,Production,MySQL,Long-running migration on primary blocked replication slot.,1. Cancelled migration. 2. Rescheduled for off-peak. 3. Monitored lag until recovered.,False,False,False,Bug,Bug,0.93,3720
INC-1395,Database migration failed,Bug,Database Issues,P3,Low,Closed,2025-11-10 04:03:00,2025-11-11 17:03:00,"Deploy pipeline failed at migration step, schema in inconsistent state. It was working fine yesterday.",Deploy pipeline failed at migration step. Service rolled back but DB partially migrated.,"Inconsistent schema state, one feature broken until fixed.",Analytics DB,Staging,"PostgreSQL, PgBouncer",Non-transactional DDL statement (adding index) inside transaction block.,1. Ran compensating migration manually. 2. Verified schema. 3. Fixed migration script.,False,False,False,Bug,Bug,0.91,2220
INC-1396,Disk full on logging server,Incident,Infrastructure / Cloud Issues,P1,Critical,Resolved,2025-10-22 19:01:00,2025-10-25 07:01:00,"Unable to write logs, getting No Space Left on Device. It was working fine yesterday.","Unable to write logs, getting 'No Space Left on Device'. Elasticsearch unresponsive.","All log ingestion stopped, monitoring blind for duration of incident.",Load Balancer,Production,"Kubernetes, Docker",Log rotation cron job failed silently due to permission change after OS upgrade.,1. Manually deleted old indices. 2. Fixed cron permissions. 3. Set up disk usage alert.,True,True,False,Incident,Incident,0.77,3600
INC-1397,OAuth token refresh broken,Bug,Authentication / Authorization Issues,P2,High,Resolved,2025-10-31 07:30:00,2025-11-01 17:30:00,"API clients getting 401 after 1 hour, refresh token invalid. Please look into this.",API clients getting 401 after 1 hour. Refresh token call returns invalid_grant.,All API integrations failing after initial token expires.,API Gateway,Production,"LDAP, Active Directory",Refresh token invalidated on any login event due to misconfigured session policy.,1. Identified session policy setting. 2. Disabled rotate-on-login. 3. Reissued tokens.,False,False,False,Bug,Bug,0.75,2040
INC-1398,Alert not firing for real outage,Incident,Monitoring / Alert Noise,P2,High,In Progress,2025-10-05 19:50:00,,Service was down for 12 minutes before anyone noticed. Please look into this.,Service was down for 12 minutes before anyone noticed. No alert fired.,Delayed detection significantly worsened incident impact.,PagerDuty,Production,"Grafana, Loki",Pending investigation,Pending investigation,False,False,False,Incident,Incident,0.86,
INC-1399,Service unreachable,Incident,Network / Connectivity Issues,P2,High,Resolved,2025-08-08 23:55:00,2025-08-10 16:55:00,"Urgent: Auth service cannot reach User service, connection refused.",Auth service cannot reach User service. Connection refused on port 8080.,Login broken for all users.,CoreDNS,Production,"Nginx, AWS ALB",NetworkPolicy accidentally blocking inter-service traffic after namespace migration.,1. Identified with kubectl describe netpol. 2. Reverted policy YAML. 3. Verified connectivity.,True,True,False,Incident,Incident,0.86,2460
INC-1400,TLS certificate expired,Incident,Network / Connectivity Issues,P1,High,Resolved,2025-08-27 03:53:00,2025-08-28 12:53:00,"FYI - Browser showing certificate error, all HTTPS traffic failing. Any ideas?",Browser showing certificate error on main domain. API clients failing SSL handshake.,"All external traffic failing, complete customer-facing outage.",Load Balancer,Production,Cloudflare,cert-manager failed to renew certificate due to DNS challenge timeout.,1. Manually renewed via Let's Encrypt. 2. Fixed DNS challenge config. 3. Verified cert-manager auto-renew.,True,True,False,Incident,Incident,0.96,1980
INC-1401,Tune alert thresholds to reduce noise,Improvement / Task,Monitoring / Alert Noise,P3,Low,In Progress,2025-08-20 02:37:00,,"Raising this for tracking: On-call team receiving 30+ alerts per night, most not actionable. Need to tune thresholds.","On-call team receiving 30+ alerts per night, most not actionable.",Alert fatigue leading to delayed response on real incidents.,Grafana,Production,Prometheus,Pending investigation,Pending investigation,False,False,False,Improvement / Task,Improvement / Task,0.73,
INC-1402,Disk full on logging server,Incident,Infrastructure / Cloud Issues,P3,Low,Closed,2025-08-04 01:18:00,2025-08-04 02:18:00,"Unable to write logs, getting No Space Left on Device. Please look into this.","Unable to write logs, getting 'No Space Left on Device'. Elasticsearch unresponsive.","All log ingestion stopped, monitoring blind for duration of incident.",Load Balancer,Production,"AWS EC2, Python",Log rotation cron job failed silently due to permission change after OS upgrade.,1. Manually deleted old indices. 2. Fixed cron permissions. 3. Set up disk usage alert.,True,True,True,Incident,Incident,0.85,60
INC-1403,Database migration failed,Bug,Database Issues,P2,High,In Progress,2025-08-17 06:37:00,,"Hey team, Deploy pipeline failed at migration step, schema in inconsistent state.",Deploy pipeline failed at migration step. Service rolled back but DB partially migrated.,"Inconsistent schema state, one feature broken until fixed.",Analytics DB,Production,Redis,Pending investigation,Pending investigation,True,False,True,Bug,Bug,0.78,
INC-1404,Memory leak in backend service,Incident,Application / Backend Issues,P3,Low,Resolved,2025-09-08 16:00:00,2025-09-09 11:00:00,"Getting complaints that Backend service memory growing unboundedly, pods restarting.","RSS memory growing unboundedly, OOM killer terminating pods every 6 hours.",Service restarts causing 2-3 min downtime every 6 hours for all users.,Checkout Service,Production,"Go, Gin",Celery worker holding reference to large object after task completion.,1. Identified object with memory profiler. 2. Added explicit del. 3. Redeployed.,False,False,True,Incident,Incident,0.71,1140
INC-1405,Database migration failed,Incident,Database Issues,P2,High,Resolved,2025-09-14 04:54:00,2025-09-15 14:54:00,"Urgent: Deploy pipeline failed at migration step, schema in inconsistent state.",Deploy pipeline failed at migration step. Service rolled back but DB partially migrated.,"Inconsistent schema state, one feature broken until fixed.",Reporting DB,Production,Redis,Non-transactional DDL statement (adding index) inside transaction block.,1. Ran compensating migration manually. 2. Verified schema. 3. Fixed migration script.,True,False,True,Incident,Incident,0.82,2040
INC-1406,Deployment rollback needed,Incident,CI/CD & Deployment Issues,P2,High,Closed,2025-10-09 18:16:00,2025-10-12 09:16:00,pls check ASAP: Error rate spiked to 15% within 5 minutes of deployment.,Error rate spiked to 15% within 5 minutes of deployment. Latency tripled.,"Significant user-facing degradation, revenue-impacting.",GitHub Actions Runner,Production,"Kubernetes, Helm",Breaking API change in new release not caught by test suite.,1. Rolled back via ArgoCD. 2. Error rate normalised. 3. Added integration test for API contract.,True,False,False,Incident,Incident,0.72,3780
INC-1407,Autovacuum not keeping up,Incident,Database Issues,P2,High,Resolved,2025-10-06 13:50:00,2025-10-08 03:50:00,"Table bloat increasing, query times gradually degrading. Need a fix ASAP.","Table bloat increasing, query times gradually degrading over 2 weeks.",Slow degradation of query performance across reporting module.,Inventory DB,Production,"PostgreSQL, Flyway",Autovacuum cost delay too high for write-heavy reporting table.,1. Ran manual VACUUM ANALYZE. 2. Tuned autovacuum_cost_delay. 3. Monitored bloat.,False,False,False,Incident,Incident,0.83,2280
INC-1408,API returning 500s,Bug,Application / Backend Issues,P2,High,In Progress,2025-08-04 16:33:00,,FYI - Checkout API is failing with 500 Internal Server Error.,"Spike in 500 status codes, logs show NullPointerException in payment module.",Users cannot complete checkout (approx 200 users affected).,Checkout Service,Staging,"Python, Django",Pending investigation,Pending investigation,True,True,False,Bug,Bug,0.77,
INC-1409,Add MFA to admin portal,Improvement / Task,Authentication / Authorization Issues,P3,Low,Resolved,2025-12-08 03:06:00,2025-12-09 11:06:00,Security review flagged admin portal as accessible with password only. MFA needs to be enforced.,Security review flagged admin portal accessible with password only.,Single factor auth on high-privilege accounts is a critical risk.,Session Store,Production,"LDAP, Active Directory",MFA was descoped during initial launch and never revisited.,1. Integrated TOTP via auth service. 2. Enforced for admin role. 3. Enrolled all admins.,True,True,False,Improvement / Task,Improvement / Task,0.74,1920
INC-1410,Add DB query performance monitoring,Improvement / Task,Database Issues,P2,Medium,Closed,2025-08-26 11:47:00,2025-08-29 07:47:00,Tech debt item: Slow queries only discovered reactively after user complaints. Need proactive query monitoring.,Slow queries only discovered reactively after user complaints.,No visibility into query performance trends before they cause incidents.,Main DB,Production,"PostgreSQL, PgBouncer","pg_stat_statements not enabled, no slow query logging configured.",1. Enabled pg_stat_statements. 2. Set log_min_duration_statement=500ms. 3. Added Grafana dashboard.,False,False,False,Improvement / Task,Improvement / Task,0.94,4080
INC-1411,Pipeline stuck,Incident,CI/CD & Deployment Issues,P3,Medium,Resolved,2025-12-04 23:33:00,2025-12-05 16:33:00,Urgent: Production deployment pipeline hanging at build step for 2+ hours.,Production deployment pipeline hanging at build step for 2+ hours. No error output.,"Release blocked, hotfix cannot reach production.",CI/CD Pipeline,Staging,"ArgoCD, Kustomize",Deadlock in concurrent test step caused by shared file handle.,1. Aborted stuck job. 2. Cleared workspace. 3. Added timeout to test step. 4. Reran.,True,True,True,Incident,Incident,0.7,1020
INC-1412,Slow query degrading API response,Incident,Application / Backend Issues,P1,High,Closed,2026-01-08 22:03:00,2026-01-11 09:03:00,Orders endpoint latency spiked from 200ms to 8 seconds. Need a fix ASAP.,P99 latency spiking from 200ms to 8s on /orders endpoint.,Order confirmation page timing out for ~15% of users.,Reporting Job,Production,"Java, Spring Boot",Missing index on orders.created_at column after schema migration.,1. Ran EXPLAIN ANALYZE. 2. Added index concurrently. 3. Verified latency drop.,False,False,False,Incident,Incident,0.91,3540
INC-1413,Automate log rotation configuration,Improvement / Task,Infrastructure / Cloud Issues,P3,Low,In Progress,2025-11-23 12:19:00,,FYI - Post-incident review flagged manual log rotation as a recurring operational risk across all nodes.,Post-incident review revealed manual log rotation as recurring risk.,Recurring risk of disk full incidents across all logging nodes.,ELK Stack,Staging,"Terraform, AWS",Pending investigation,Pending investigation,False,False,False,Improvement / Task,Improvement / Task,0.77,
INC-1414,TLS certificate expired,Incident,Network / Connectivity Issues,P2,Medium,Resolved,2025-12-15 04:21:00,2025-12-16 13:21:00,"Browser showing certificate error, all HTTPS traffic failing. Please look into this.",Browser showing certificate error on main domain. API clients failing SSL handshake.,"All external traffic failing, complete customer-facing outage.",CoreDNS,Production,"WireGuard, Linux",cert-manager failed to renew certificate due to DNS challenge timeout.,1. Manually renewed via Let's Encrypt. 2. Fixed DNS challenge config. 3. Verified cert-manager auto-renew.,True,False,False,Incident,Incident,0.71,1980
INC-1415,Migrate from Jenkins to GitHub Actions,Improvement / Task,CI/CD & Deployment Issues,P3,Low,Resolved,2026-01-27 16:09:00,2026-01-28 14:09:00,FYI - Jenkins maintenance is taking 4+ hours per month and is a single point of failure for all CI.,"Jenkins server maintenance taking 4+ hours per month, blocking deployments.",High operational overhead and single point of failure in CI infrastructure.,ArgoCD,Production,"ArgoCD, Kustomize","Jenkins self-hosted with no HA setup, all CI dependent on single VM.",1. Assessed GitHub Actions feasibility. 2. Migrated 3 pipelines. 3. Deprecated Jenkins.,False,False,False,Improvement / Task,Improvement / Task,0.72,1320
INC-1416,Automate log rotation configuration,Improvement / Task,Infrastructure / Cloud Issues,P3,Medium,Closed,2025-12-02 00:15:00,2025-12-04 07:15:00,Tech debt item: Post-incident review flagged manual log rotation as a recurring operational risk across all nodes.,Post-incident review revealed manual log rotation as recurring risk.,Recurring risk of disk full incidents across all logging nodes.,Load Balancer,Production,"Terraform, AWS",No standardised log rotation policy enforced via configuration management.,1. Added logrotate config to Ansible playbook. 2. Applied across fleet. 3. Tested.,False,False,False,Improvement / Task,Improvement / Task,0.82,3300
INC-1417,Slow query degrading API response,Bug,Application / Backend Issues,P3,Low,In Progress,2025-11-30 17:05:00,,Urgent: Orders endpoint latency spiked from 200ms to 8 seconds.,P99 latency spiking from 200ms to 8s on /orders endpoint.,Order confirmation page timing out for ~15% of users.,Reporting Job,Production,"Python, Django",Pending investigation,Pending investigation,True,True,False,Bug,Bug,0.91,
INC-1418,Duplicate alerts firing,Bug,Monitoring / Alert Noise,P3,Low,Closed,2025-10-21 07:15:00,2025-10-23 02:15:00,Receiving 50+ PagerDuty pages for the same event within 2 minutes.,Receiving 50+ PagerDuty pages for the same CPU spike event within 2 minutes.,"On-call engineer overwhelmed, real alerts buried in noise.",PagerDuty,Production,Prometheus,Alertmanager group_wait and group_interval misconfigured after config refactor.,1. Updated group_wait=30s and group_interval=5m. 2. Reloaded config. 3. Tested with firing rule.,False,False,False,Bug,Bug,0.75,2580
INC-1419,Memory leak in backend service,Incident,Application / Backend Issues,P1,Critical,Closed,2025-09-30 08:12:00,2025-10-03 07:12:00,"Backend service memory growing unboundedly, pods restarting. It was working fine yesterday.","RSS memory growing unboundedly, OOM killer terminating pods every 6 hours.",Service restarts causing 2-3 min downtime every 6 hours for all users.,Reporting Job,Production,"Python, FastAPI",Celery worker holding reference to large object after task completion.,1. Identified object with memory profiler. 2. Added explicit del. 3. Redeployed.,False,False,True,Incident,Incident,0.7,4260
INC-1420,Implement connection pooling,Improvement / Task,Database Issues,P3,Low,Resolved,2025-09-13 03:01:00,2025-09-13 20:01:00,DB connection count grows linearly with service instances. Risk of exhaustion as we scale.,DB connection count growing linearly with service instances.,Risk of connection exhaustion as we scale horizontally.,Reporting DB,Staging,Redis,Services connecting directly to DB without a connection pooler.,1. Evaluated PgBouncer. 2. Deployed in transaction mode. 3. Tuned pool sizes.,True,True,False,Improvement / Task,Improvement / Task,0.72,1020
INC-1421,ArgoCD app out of sync,Bug,CI/CD & Deployment Issues,P2,Medium,Closed,2025-10-25 14:41:00,2025-10-27 00:41:00,FYI - ArgoCD showing OutOfSync but sync fails with permission error.,ArgoCD showing app OutOfSync but sync button fails with permission error.,"Config changes not deploying, manual kubectl apply required as workaround.",ArgoCD,Production,GitLab CI,ArgoCD service account missing ClusterRole binding after RBAC audit cleanup.,1. Identified missing binding from RBAC diff. 2. Restored binding. 3. Synced app.,False,False,False,Bug,Bug,0.81,2040
INC-1422,Deadlock errors in transaction logs,Bug,Database Issues,P2,Medium,Resolved,2025-12-09 19:39:00,2025-12-11 15:39:00,Intermittent deadlock exceptions in order processing every 2 hours. It was working fine yesterday.,Intermittent deadlock exceptions in order processing service every ~2 hours.,Approximately 0.5% of orders failing and requiring manual retry.,Inventory DB,Production,Redis,Two services acquiring locks on orders and inventory tables in opposite order.,1. Identified lock order from pg_locks. 2. Standardised lock acquisition order. 3. Deployed.,True,True,True,Bug,Bug,0.72,2640
INC-1423,Upgrade deprecated library,Bug,Application / Backend Issues,P3,Medium,Closed,2025-11-15 23:06:00,2025-11-17 11:06:00,Action item from last retro: Dependabot flagged a critical CVE in the requests library. Need to upgrade to patched version.,Dependabot flagged critical CVE in requests library.,Potential SSRF vulnerability if exploited.,Frontend Webapp,Production,"Python, Django",Dependency pinned to old version and never updated.,1. Upgraded to patched version. 2. Ran regression tests. 3. Deployed.,False,False,True,Improvement / Task,Bug,0.58,2160
INC-1424,Service unreachable,Incident,Network / Connectivity Issues,P2,High,Resolved,2025-08-31 02:28:00,2025-09-02 12:28:00,"Auth service cannot reach User service, connection refused.",Auth service cannot reach User service. Connection refused on port 8080.,Login broken for all users.,API Gateway,Production,"WireGuard, Linux",NetworkPolicy accidentally blocking inter-service traffic after namespace migration.,1. Identified with kubectl describe netpol. 2. Reverted policy YAML. 3. Verified connectivity.,True,True,True,Incident,Incident,0.79,3480
INC-1425,Alert not firing for real outage,Incident,Monitoring / Alert Noise,P2,Medium,Resolved,2025-11-03 08:34:00,2025-11-03 12:34:00,Service was down for 12 minutes before anyone noticed. Affecting multiple users.,Service was down for 12 minutes before anyone noticed. No alert fired.,Delayed detection significantly worsened incident impact.,Monitoring,Production,OpenTelemetry,Alert rule targeting wrong metric label after Prometheus federation change.,1. Fixed label selector in alert rule. 2. Verified with promtool. 3. Added alert test.,False,False,True,Incident,Incident,0.93,240
INC-1426,Upgrade deprecated library,Improvement / Task,Application / Backend Issues,P3,Low,Resolved,2025-12-01 03:28:00,2025-12-03 04:28:00,"Hey team, Dependabot flagged a critical CVE in the requests library. Need to upgrade to patched version.",Dependabot flagged critical CVE in requests library.,Potential SSRF vulnerability if exploited.,Order API,Production,"Java, Spring Boot",Dependency pinned to old version and never updated.,1. Upgraded to patched version. 2. Ran regression tests. 3. Deployed.,False,False,True,Improvement / Task,Improvement / Task,0.74,2940
INC-1427,Service unreachable,Incident,Network / Connectivity Issues,P3,Medium,Resolved,2026-01-24 12:15:00,2026-01-25 07:15:00,"Hey team, Auth service cannot reach User service, connection refused.",Auth service cannot reach User service. Connection refused on port 8080.,Login broken for all users.,VPN Gateway,Production,Kubernetes,NetworkPolicy accidentally blocking inter-service traffic after namespace migration.,1. Identified with kubectl describe netpol. 2. Reverted policy YAML. 3. Verified connectivity.,False,False,True,Incident,Incident,0.89,1140
INC-1428,Duplicate alerts firing,Incident,Monitoring / Alert Noise,P2,Medium,Resolved,2025-11-08 08:33:00,2025-11-11 07:33:00,Receiving 50+ PagerDuty pages for the same event within 2 minutes. It was working fine yesterday.,Receiving 50+ PagerDuty pages for the same CPU spike event within 2 minutes.,"On-call engineer overwhelmed, real alerts buried in noise.",Grafana,Production,"Datadog, PagerDuty",Alertmanager group_wait and group_interval misconfigured after config refactor.,1. Updated group_wait=30s and group_interval=5m. 2. Reloaded config. 3. Tested with firing rule.,False,False,True,Incident,Incident,0.79,4260
INC-1429,S3 bucket access denied,Incident,Infrastructure / Cloud Issues,P3,Low,Closed,2025-08-29 00:43:00,2025-09-02 08:43:00,Application throwing AccessDenied on all file upload attempts. Affecting multiple users.,Application throwing AccessDenied on all S3 PutObject calls.,File uploads broken for all users.,ELK Stack,Production,"Ansible, Linux",IAM role policy accidentally removed during infrastructure-as-code refactor.,1. Identified missing statement in Terraform diff. 2. Re-applied policy. 3. Verified uploads.,False,False,True,Incident,Incident,0.83,6240
INC-1430,One-off job failure,Bug,Misc / Edge / New Issues,P3,Medium,Resolved,2025-11-08 13:06:00,2025-11-09 09:06:00,"Nightly report generation failed once at 3 AM, no recurrence. Need a fix ASAP.",Nightly report generation failed once at 3 AM. No recurrence.,"Finance team missing one daily report, manually regenerated.",Webapp,Production,React,Transient network blip to external API during report generation window.,1. Manually triggered report. 2. Added retry with exponential backoff. 3. Monitored.,True,True,False,Incident,Bug,0.72,1200
INC-1431,Feature not working,Incident,Application / Backend Issues,P2,Medium,Closed,2025-09-06 23:22:00,2025-09-07 12:22:00,Export to CSV button does nothing. Please look into this.,"No network request sent when clicking export button, console shows JS TypeError.","Users unable to export reports, blocking end-of-day workflows.",Reporting Job,Production,"React, Node.js",Recent refactor broke event listener binding on dynamic elements.,1. Reverted UI component commit. 2. Cleared CDN cache. 3. Re-deployed.,False,False,False,Incident,Incident,0.73,780
INC-1432,Deployment rollback needed,Incident,CI/CD & Deployment Issues,P1,Critical,Resolved,2025-11-11 22:54:00,2025-11-12 11:54:00,Customer reported: Error rate spiked to 15% within 5 minutes of deployment.,Error rate spiked to 15% within 5 minutes of deployment. Latency tripled.,"Significant user-facing degradation, revenue-impacting.",Docker Registry,Production,GitLab CI,Breaking API change in new release not caught by test suite.,1. Rolled back via ArgoCD. 2. Error rate normalised. 3. Added integration test for API contract.,False,False,True,Incident,Incident,0.88,780
INC-1433,Disk full on logging server,Bug,Infrastructure / Cloud Issues,P2,High,Closed,2025-12-09 21:37:00,2025-12-13 18:37:00,"FYI - Unable to write logs, getting No Space Left on Device.","Unable to write logs, getting 'No Space Left on Device'. Elasticsearch unresponsive.","All log ingestion stopped, monitoring blind for duration of incident.",EC2 Fleet,Production,"Ansible, Linux",Log rotation cron job failed silently due to permission change after OS upgrade.,1. Manually deleted old indices. 2. Fixed cron permissions. 3. Set up disk usage alert.,True,True,False,Bug,Bug,0.73,5580
INC-1434,Timeouts on Dashboard,Incident,Application / Backend Issues,P3,Medium,Closed,2025-10-13 20:41:00,2025-10-16 06:41:00,pls check ASAP: Dashboard takes 30+ seconds to load and then times out.,"Gateway timeouts (504), high latency on /metrics endpoint.",All internal users experiencing slow load times.,Frontend Webapp,Staging,"Python, Django",Inefficient data aggregation logic causing N+1 database queries.,1. Temporarily disabled heavy widget. 2. Restarted API pods. 3. Optimised query with JOIN.,False,False,False,Incident,Incident,0.96,3480
INC-1435,Memory leak in backend service,Incident,Application / Backend Issues,P3,Medium,Closed,2025-11-18 21:26:00,2025-11-23 02:26:00,"Backend service memory growing unboundedly, pods restarting. It was working fine yesterday.","RSS memory growing unboundedly, OOM killer terminating pods every 6 hours.",Service restarts causing 2-3 min downtime every 6 hours for all users.,Notification Service,Production,"Go, Gin",Celery worker holding reference to large object after task completion.,1. Identified object with memory profiler. 2. Added explicit del. 3. Redeployed.,True,True,True,Incident,Incident,0.71,6060
INC-1436,Migrate from Jenkins to GitHub Actions,Improvement / Task,CI/CD & Deployment Issues,P3,Low,Resolved,2025-12-27 08:20:00,2025-12-27 13:20:00,FYI - Jenkins maintenance is taking 4+ hours per month and is a single point of failure for all CI.,"Jenkins server maintenance taking 4+ hours per month, blocking deployments.",High operational overhead and single point of failure in CI infrastructure.,CI/CD Pipeline,Production,"Docker, AWS ECR","Jenkins self-hosted with no HA setup, all CI dependent on single VM.",1. Assessed GitHub Actions feasibility. 2. Migrated 3 pipelines. 3. Deprecated Jenkins.,False,False,False,Improvement / Task,Improvement / Task,0.99,300
INC-1437,Docker image build failing,Bug,CI/CD & Deployment Issues,P2,High,Closed,2025-09-01 05:20:00,2025-09-05 01:20:00,CI failing at docker build with package not found error. It was working fine yesterday.,CI failing at docker build step: 'package not found'. Worked in local builds.,All deployments blocked for 3 services sharing this base image.,ArgoCD,Staging,"Kubernetes, Helm",Upstream Alpine package repository changed package name in new version.,1. Pinned base image to specific digest. 2. Updated package name. 3. Rebuilt.,False,False,False,Bug,Bug,0.86,5520
INC-1438,DNS resolution failing,Incident,Network / Connectivity Issues,P3,Medium,Closed,2026-01-07 06:06:00,2026-01-08 19:06:00,Services cannot resolve internal and external domains intermittently. It was working fine yesterday.,Services intermittently failing to resolve internal and external domains.,Cascading failures across 4 services depending on external APIs.,Internal Mesh,Production,"Nginx, AWS ALB",CoreDNS pods overwhelmed by DNS flood from misconfigured ndots setting.,1. Scaled CoreDNS replicas from 2 to 5. 2. Added ndots:1 to pod DNS config. 3. Verified resolution.,True,True,True,Incident,Incident,0.7,2220
INC-1439,Implement token rotation policy,Improvement / Task,Authentication / Authorization Issues,P3,Medium,Resolved,2025-10-25 00:25:00,2025-10-27 11:25:00,Action item from last retro: Security audit flagged long-lived refresh tokens as a risk. Need to define and enforce rotation policy.,Security audit flagged long-lived refresh tokens as risk.,Stolen refresh tokens valid indefinitely if not rotated.,Auth Service,Production,"Node.js, JWT",No refresh token rotation or expiry policy defined.,1. Defined rotation policy. 2. Implemented in auth service. 3. Updated client SDKs.,False,False,False,Improvement / Task,Improvement / Task,0.98,3540
INC-1440,API returning 500s,Improvement / Task,Application / Backend Issues,P2,Medium,Closed,2025-08-20 15:21:00,2025-08-23 08:21:00,Checkout API is failing with 500 Internal Server Error. Need a fix ASAP.,"Spike in 500 status codes, logs show NullPointerException in payment module.",Users cannot complete checkout (approx 200 users affected).,Order API,Production,"Python, Django",Unhandled null value in payment payload from third-party provider.,1. Added null check. 2. Deployed hotfix. 3. Monitored error rates.,True,False,True,Bug,Improvement / Task,0.7,3900
INC-1441,Refactor authentication middleware,Bug,Application / Backend Issues,P2,Medium,Resolved,2025-10-12 00:49:00,2025-10-14 00:49:00,Auth logic is duplicated across 7 views. Code review flagged this as a maintenance and security risk.,Code review flagged auth logic duplicated across 7 views.,Technical debt increasing risk of auth bypass in future changes.,Analytics API,Production,"Python, Django",Auth logic was copy-pasted during rapid feature development phase.,1. Extracted to reusable middleware. 2. Wrote unit tests. 3. Deployed incrementally.,False,False,False,Improvement / Task,Bug,0.64,2880
INC-1442,Add rate limiting to public API,Improvement / Task,Application / Backend Issues,P3,Low,Closed,2025-08-07 01:07:00,2025-08-07 20:07:00,Action item from last retro: Public API has no rate limiting. Identified during capacity planning — need to implement before launch.,"No immediate symptoms, identified during capacity planning review.",Risk of API abuse if not addressed before product launch.,Order API,Production,"Go, Gin",Rate limiting was never implemented on public-facing endpoints.,1. Evaluated django-ratelimit. 2. Implemented per-IP throttle. 3. Tested with load script.,True,False,False,Improvement / Task,Improvement / Task,0.95,1140
INC-1443,Replication lag spike,Incident,Database Issues,P2,High,Resolved,2025-08-05 06:07:00,2025-08-07 23:07:00,Read replica falling 45 minutes behind primary. Need a fix ASAP.,Read replica falling 45 minutes behind primary. Analytics queries returning stale data.,"Reporting dashboards showing incorrect figures, business decisions affected.",User DB,Production,"PostgreSQL, PgBouncer",Long-running migration on primary blocked replication slot.,1. Cancelled migration. 2. Rescheduled for off-peak. 3. Monitored lag until recovered.,False,False,False,Incident,Incident,0.75,3900
INC-1444,Database migration failed,Bug,Database Issues,P3,Medium,Resolved,2025-09-20 01:31:00,2025-09-20 10:31:00,"Deploy pipeline failed at migration step, schema in inconsistent state. Please look into this.",Deploy pipeline failed at migration step. Service rolled back but DB partially migrated.,"Inconsistent schema state, one feature broken until fixed.",Inventory DB,Staging,"PostgreSQL, Flyway",Non-transactional DDL statement (adding index) inside transaction block.,1. Ran compensating migration manually. 2. Verified schema. 3. Fixed migration script.,False,False,False,Bug,Bug,0.81,540
INC-1445,High CPU on worker nodes,Bug,Infrastructure / Cloud Issues,P2,High,Resolved,2025-09-03 00:44:00,2025-09-05 01:44:00,"Node CPU at 95%+, multiple pods throttled. It was working fine yesterday.",Node CPU at 95%+. Multiple pods throttled causing cascading slowdowns.,"System-wide latency spike, 3 services degraded simultaneously.",ELK Stack,Staging,"Ansible, Linux",Runaway Celery task consuming CPU due to infinite retry loop on bad message.,1. Identified task with top. 2. Purged queue. 3. Added max_retries to task config.,False,False,False,Bug,Bug,0.75,2940
INC-1446,Add retry logic to all external API calls,Improvement / Task,Misc / Edge / New Issues,P3,Medium,Resolved,2025-10-22 08:03:00,2025-10-23 07:03:00,FYI - Multiple transient failures in the past quarter required manual intervention. Need retry logic.,Multiple transient failures in past quarter with no automatic recovery.,Manual intervention required for recoverable errors.,Data Pipeline,Production,"Airflow, Python",No retry or circuit breaker pattern implemented for external calls.,1. Added tenacity-based retry decorator. 2. Applied to all HTTP client calls. 3. Tested.,False,False,False,Improvement / Task,Improvement / Task,0.88,1380
INC-1447,Node not ready in cluster,Bug,Infrastructure / Cloud Issues,P3,Low,Resolved,2025-11-19 06:14:00,2025-11-19 14:14:00,"Hey team, Kubernetes node showing NotReady, pods being evicted.",kubectl shows node in NotReady state. Pods evicted and rescheduled causing brief downtime.,"30% capacity reduction, some pods pending for 15 minutes.",Celery Workers,Production,"Kubernetes, Docker",Kubelet ran out of memory due to log file accumulation on node.,1. Drained node. 2. Cleared logs. 3. Restarted kubelet. 4. Uncordoned.,False,False,False,Bug,Bug,0.83,480
INC-1448,Memory leak in backend service,Bug,Application / Backend Issues,P2,High,Closed,2026-01-24 11:05:00,2026-01-29 02:05:00,"Hey team, Backend service memory growing unboundedly, pods restarting.","RSS memory growing unboundedly, OOM killer terminating pods every 6 hours.",Service restarts causing 2-3 min downtime every 6 hours for all users.,Frontend Webapp,Production,"Go, Gin",Celery worker holding reference to large object after task completion.,1. Identified object with memory profiler. 2. Added explicit del. 3. Redeployed.,True,False,False,Bug,Bug,0.89,6660
INC-1449,S3 bucket access denied,Incident,Infrastructure / Cloud Issues,P3,Medium,Closed,2026-01-05 08:44:00,2026-01-10 01:44:00,Application throwing AccessDenied on all file upload attempts.,Application throwing AccessDenied on all S3 PutObject calls.,File uploads broken for all users.,S3 Buckets,Production,"Elasticsearch, Linux",IAM role policy accidentally removed during infrastructure-as-code refactor.,1. Identified missing statement in Terraform diff. 2. Re-applied policy. 3. Verified uploads.,True,True,False,Bug,Incident,0.74,6780
INC-1450,Add retry logic to all external API calls,Improvement / Task,Misc / Edge / New Issues,P2,Low,Resolved,2025-11-13 07:31:00,2025-11-14 03:31:00,Multiple transient failures in the past quarter required manual intervention. Need retry logic. Please look into this.,Multiple transient failures in past quarter with no automatic recovery.,Manual intervention required for recoverable errors.,Webapp,Production,"Airflow, Python",No retry or circuit breaker pattern implemented for external calls.,1. Added tenacity-based retry decorator. 2. Applied to all HTTP client calls. 3. Tested.,False,False,False,Improvement / Task,Improvement / Task,0.86,1200
INC-1451,Connection pool exhausted,Incident,Database Issues,P1,Critical,In Progress,2026-01-10 04:27:00,,"FYI - Apps cannot connect to DB, throwing pool errors. Any ideas?",Apps throwing 'connection pool exhausted'. DB CPU normal but no connections available.,"All DB-dependent services failing, complete platform outage.",Reporting DB,Staging,"PostgreSQL, Flyway",Pending investigation,Pending investigation,True,False,False,Incident,Incident,0.87,
INC-1452,Role misconfiguration,Incident,Authentication / Authorization Issues,P3,Low,Resolved,2025-11-17 03:48:00,2025-11-17 11:48:00,Admin users getting 403 Forbidden on billing portal. Need a fix ASAP.,Admin users getting 403 Forbidden on billing portal. Role shown as correct in DB.,Finance team blocked from critical workflows.,IAM Module,Staging,"LDAP, Active Directory",Accidental deletion of role-to-permission mapping during migration cleanup script.,1. Restored mapping from DB backup. 2. Cleared permission cache. 3. Verified admin access.,False,False,False,Incident,Incident,0.72,480
INC-1453,Alert not firing for real outage,Incident,Monitoring / Alert Noise,P2,Medium,Resolved,2025-12-22 12:50:00,2025-12-25 09:50:00,Service was down for 12 minutes before anyone noticed.,Service was down for 12 minutes before anyone noticed. No alert fired.,Delayed detection significantly worsened incident impact.,Grafana,Production,Prometheus,Alert rule targeting wrong metric label after Prometheus federation change.,1. Fixed label selector in alert rule. 2. Verified with promtool. 3. Added alert test.,True,True,False,Incident,Incident,0.86,4140
INC-1454,Refactor authentication middleware,Improvement / Task,Application / Backend Issues,P3,Low,Resolved,2025-10-03 16:14:00,2025-10-04 04:14:00,"Hey team, Auth logic is duplicated across 7 views. Code review flagged this as a maintenance and security risk.",Code review flagged auth logic duplicated across 7 views.,Technical debt increasing risk of auth bypass in future changes.,Analytics API,Staging,"Java, Spring Boot",Auth logic was copy-pasted during rapid feature development phase.,1. Extracted to reusable middleware. 2. Wrote unit tests. 3. Deployed incrementally.,False,False,False,Improvement / Task,Improvement / Task,0.82,720
INC-1455,Feature not working,Improvement / Task,Application / Backend Issues,P1,Critical,In Progress,2025-11-20 19:24:00,,"Hey team, Export to CSV button does nothing.","No network request sent when clicking export button, console shows JS TypeError.","Users unable to export reports, blocking end-of-day workflows.",Reporting Job,Staging,"Go, Gin",Pending investigation,Pending investigation,True,True,False,Incident,Improvement / Task,0.69,
INC-1456,Alert not firing for real outage,Bug,Monitoring / Alert Noise,P2,High,Closed,2025-11-30 14:45:00,2025-12-05 14:45:00,"Hey team, Service was down for 12 minutes before anyone noticed.",Service was down for 12 minutes before anyone noticed. No alert fired.,Delayed detection significantly worsened incident impact.,Grafana,Production,"Datadog, PagerDuty",Alert rule targeting wrong metric label after Prometheus federation change.,1. Fixed label selector in alert rule. 2. Verified with promtool. 3. Added alert test.,True,True,True,Bug,Bug,0.8,7200
INC-1457,SSO login loop,Incident,Authentication / Authorization Issues,P2,Medium,Resolved,2025-12-02 20:57:00,2025-12-05 17:57:00,"Hey team, Users redirected in infinite loop between app and SSO provider.",Users redirected in infinite loop between app and SSO provider. Never lands on dashboard.,"All SSO-based logins broken, affecting 80% of user base.",API Gateway,Production,"Redis, Node.js",Redirect URI mismatch after domain change not updated in SSO provider config.,1. Updated redirect URI in Keycloak. 2. Cleared browser cookies. 3. Verified login flow.,True,True,True,Incident,Incident,0.93,4140
INC-1458,Implement token rotation policy,Bug,Authentication / Authorization Issues,P3,Low,Resolved,2026-01-19 11:53:00,2026-01-21 01:53:00,Security audit flagged long-lived refresh tokens as a risk. Need to define and enforce rotation policy. Please look into this.,Security audit flagged long-lived refresh tokens as risk.,Stolen refresh tokens valid indefinitely if not rotated.,API Gateway,Staging,"LDAP, Active Directory",No refresh token rotation or expiry policy defined.,1. Defined rotation policy. 2. Implemented in auth service. 3. Updated client SDKs.,False,False,False,Improvement / Task,Bug,0.69,2280
INC-1459,Slow query degrading API response,Incident,Application / Backend Issues,P3,Medium,In Progress,2026-01-27 21:10:00,,Orders endpoint latency spiked from 200ms to 8 seconds. Affecting multiple users.,P99 latency spiking from 200ms to 8s on /orders endpoint.,Order confirmation page timing out for ~15% of users.,Checkout Service,Production,"Java, Spring Boot",Pending investigation,Pending investigation,True,False,True,Incident,Incident,0.92,
INC-1460,Tune alert thresholds to reduce noise,Improvement / Task,Monitoring / Alert Noise,P3,Low,Resolved,2025-10-30 03:38:00,2025-10-31 02:38:00,"Tech debt item: On-call team receiving 30+ alerts per night, most not actionable. Need to tune thresholds.","On-call team receiving 30+ alerts per night, most not actionable.",Alert fatigue leading to delayed response on real incidents.,Grafana,Production,OpenTelemetry,"Alert thresholds set conservatively during initial setup, never revisited.",1. Analysed 30-day alert history. 2. Tuned thresholds per service SLA. 3. Reduced nightly alerts by 70%.,False,False,False,Improvement / Task,Improvement / Task,0.79,1380
INC-1461,Intermittent packet loss,Incident,Network / Connectivity Issues,P2,High,Closed,2026-01-01 16:30:00,2026-01-02 06:30:00,"CRITICAL: 2-5% ping loss between nodes, TCP retransmits elevated.",Ping loss between nodes 2-5% intermittently. TCP retransmits elevated.,"Degraded performance for all real-time features, chat and notifications affected.",CoreDNS,Staging,"Nginx, AWS ALB",Faulty NIC on one hypervisor host causing CRC errors.,1. Identified host with mtr. 2. Migrated VMs. 3. Raised ticket with data centre.,False,False,False,Incident,Incident,0.74,840
INC-1462,Deployment rollback needed,Bug,CI/CD & Deployment Issues,P3,Low,Resolved,2025-11-19 03:35:00,2025-11-19 20:35:00,Error rate spiked to 15% within 5 minutes of deployment.,Error rate spiked to 15% within 5 minutes of deployment. Latency tripled.,"Significant user-facing degradation, revenue-impacting.",Jenkins,Production,"Kubernetes, Helm",Breaking API change in new release not caught by test suite.,1. Rolled back via ArgoCD. 2. Error rate normalised. 3. Added integration test for API contract.,True,True,False,Bug,Bug,0.96,1020
INC-1463,Service unreachable,Bug,Network / Connectivity Issues,P3,Medium,Closed,2025-08-24 23:45:00,2025-08-25 11:45:00,"Auth service cannot reach User service, connection refused.",Auth service cannot reach User service. Connection refused on port 8080.,Login broken for all users.,Load Balancer,Production,"Nginx, AWS ALB",NetworkPolicy accidentally blocking inter-service traffic after namespace migration.,1. Identified with kubectl describe netpol. 2. Reverted policy YAML. 3. Verified connectivity.,False,False,False,Bug,Bug,0.73,720
INC-1464,Database migration failed,Incident,Database Issues,P3,Low,Closed,2025-11-06 21:43:00,2025-11-07 15:43:00,"Deploy pipeline failed at migration step, schema in inconsistent state. Please look into this.",Deploy pipeline failed at migration step. Service rolled back but DB partially migrated.,"Inconsistent schema state, one feature broken until fixed.",Main DB,Production,"MongoDB, Python",Non-transactional DDL statement (adding index) inside transaction block.,1. Ran compensating migration manually. 2. Verified schema. 3. Fixed migration script.,False,False,True,Incident,Incident,0.98,1080
INC-1465,Deployment rollback needed,Incident,CI/CD & Deployment Issues,P2,High,In Progress,2025-12-17 22:00:00,,Error rate spiked to 15% within 5 minutes of deployment. Affecting multiple users.,Error rate spiked to 15% within 5 minutes of deployment. Latency tripled.,"Significant user-facing degradation, revenue-impacting.",CI/CD Pipeline,Production,"Jenkins, GitHub Actions",Pending investigation,Pending investigation,True,False,True,Incident,Incident,0.78,
INC-1466,Set up cluster autoscaler,Improvement / Task,Infrastructure / Cloud Issues,P2,Low,Closed,2025-09-28 00:28:00,2025-09-29 01:28:00,Action item from last retro: During peak traffic pods go pending due to insufficient capacity. Manual scaling is causing too much toil.,"During peak traffic, pods pending due to insufficient node capacity.","Manual scaling required during traffic spikes, causing toil.",Celery Workers,Staging,"AWS EC2, Python","Cluster autoscaler not configured, capacity managed entirely manually.",1. Installed cluster-autoscaler helm chart. 2. Set min/max node counts. 3. Load tested.,False,False,False,Improvement / Task,Improvement / Task,0.74,1500
INC-1467,Docker image build failing,Incident,CI/CD & Deployment Issues,P3,Medium,Resolved,2025-11-26 10:02:00,2025-11-27 03:02:00,CI failing at docker build with package not found error. Please look into this.,CI failing at docker build step: 'package not found'. Worked in local builds.,All deployments blocked for 3 services sharing this base image.,Docker Registry,Staging,"Kubernetes, Helm",Upstream Alpine package repository changed package name in new version.,1. Pinned base image to specific digest. 2. Updated package name. 3. Rebuilt.,False,False,True,Incident,Incident,0.81,1020
INC-1468,Feature not working,Bug,Application / Backend Issues,P2,Medium,Resolved,2025-10-14 16:48:00,2025-10-17 06:48:00,Urgent: Export to CSV button does nothing.,"No network request sent when clicking export button, console shows JS TypeError.","Users unable to export reports, blocking end-of-day workflows.",Reporting Job,Production,"Python, Django",Recent refactor broke event listener binding on dynamic elements.,1. Reverted UI component commit. 2. Cleared CDN cache. 3. Re-deployed.,False,False,False,Bug,Bug,0.73,3720
INC-1469,Token expiration issue,Incident,Authentication / Authorization Issues,P1,High,Closed,2026-01-18 18:36:00,2026-01-23 02:36:00,pls check ASAP: Users getting randomly logged out mid-session.,Users getting randomly logged out mid-session. JWT validation failing for valid tokens.,"All users affected, session stability broken platform-wide.",API Gateway,Production,"Node.js, JWT",JWT signing key rotation job ran but new key not propagated to all auth pods.,1. Identified key mismatch in logs. 2. Restarted auth pods with correct key. 3. Forced re-login.,True,False,True,Incident,Incident,0.92,6240
INC-1470,SSO login loop,Incident,Authentication / Authorization Issues,P2,Medium,Resolved,2025-10-22 01:09:00,2025-10-24 01:09:00,Users redirected in infinite loop between app and SSO provider. Please look into this.,Users redirected in infinite loop between app and SSO provider. Never lands on dashboard.,"All SSO-based logins broken, affecting 80% of user base.",API Gateway,Production,"LDAP, Active Directory",Redirect URI mismatch after domain change not updated in SSO provider config.,1. Updated redirect URI in Keycloak. 2. Cleared browser cookies. 3. Verified login flow.,False,False,False,Bug,Incident,0.67,2880
INC-1471,ArgoCD app out of sync,Bug,CI/CD & Deployment Issues,P2,High,Closed,2025-09-02 10:54:00,2025-09-05 08:54:00,ArgoCD showing OutOfSync but sync fails with permission error. Need a fix ASAP.,ArgoCD showing app OutOfSync but sync button fails with permission error.,"Config changes not deploying, manual kubectl apply required as workaround.",Jenkins,Production,"ArgoCD, Kustomize",ArgoCD service account missing ClusterRole binding after RBAC audit cleanup.,1. Identified missing binding from RBAC diff. 2. Restored binding. 3. Synced app.,False,False,False,Bug,Bug,0.79,4200
INC-1472,One-off job failure,Bug,Misc / Edge / New Issues,P3,Low,Resolved,2025-09-18 15:54:00,2025-09-19 06:54:00,"Nightly report generation failed once at 3 AM, no recurrence.",Nightly report generation failed once at 3 AM. No recurrence.,"Finance team missing one daily report, manually regenerated.",Webapp,Production,"Airflow, Python",Transient network blip to external API during report generation window.,1. Manually triggered report. 2. Added retry with exponential backoff. 3. Monitored.,False,False,False,Bug,Bug,0.91,900
INC-1473,S3 bucket access denied,Incident,Infrastructure / Cloud Issues,P2,Medium,Resolved,2025-10-07 13:26:00,2025-10-09 11:26:00,CRITICAL: Application throwing AccessDenied on all file upload attempts.,Application throwing AccessDenied on all S3 PutObject calls.,File uploads broken for all users.,S3 Buckets,Staging,"Kubernetes, Docker",IAM role policy accidentally removed during infrastructure-as-code refactor.,1. Identified missing statement in Terraform diff. 2. Re-applied policy. 3. Verified uploads.,False,False,True,Incident,Incident,0.95,2760
INC-1474,TLS certificate expired,Incident,Network / Connectivity Issues,P2,Medium,Resolved,2025-10-03 00:59:00,2025-10-05 00:59:00,"Browser showing certificate error, all HTTPS traffic failing. Please look into this.",Browser showing certificate error on main domain. API clients failing SSL handshake.,"All external traffic failing, complete customer-facing outage.",Load Balancer,Production,"Nginx, AWS ALB",cert-manager failed to renew certificate due to DNS challenge timeout.,1. Manually renewed via Let's Encrypt. 2. Fixed DNS challenge config. 3. Verified cert-manager auto-renew.,True,True,False,Incident,Incident,0.82,2880
INC-1475,Memory leak in backend service,Incident,Application / Backend Issues,P2,Medium,Resolved,2025-11-23 11:40:00,2025-11-26 07:40:00,"Backend service memory growing unboundedly, pods restarting. It was working fine yesterday.","RSS memory growing unboundedly, OOM killer terminating pods every 6 hours.",Service restarts causing 2-3 min downtime every 6 hours for all users.,Analytics API,Production,"Java, Spring Boot",Celery worker holding reference to large object after task completion.,1. Identified object with memory profiler. 2. Added explicit del. 3. Redeployed.,False,False,True,Incident,Incident,0.87,4080
INC-1476,Pipeline stuck,Incident,CI/CD & Deployment Issues,P3,Medium,Closed,2025-10-03 07:53:00,2025-10-04 13:53:00,pls check ASAP: Production deployment pipeline hanging at build step for 2+ hours.,Production deployment pipeline hanging at build step for 2+ hours. No error output.,"Release blocked, hotfix cannot reach production.",GitHub Actions Runner,Production,"Kubernetes, Helm",Deadlock in concurrent test step caused by shared file handle.,1. Aborted stuck job. 2. Cleared workspace. 3. Added timeout to test step. 4. Reran.,True,True,True,Incident,Incident,0.73,1800
INC-1477,Add DB query performance monitoring,Improvement / Task,Database Issues,P2,Medium,Resolved,2025-11-17 20:22:00,2025-11-20 04:22:00,"Hey team, Slow queries only discovered reactively after user complaints. Need proactive query monitoring.",Slow queries only discovered reactively after user complaints.,No visibility into query performance trends before they cause incidents.,Inventory DB,Staging,Redis,"pg_stat_statements not enabled, no slow query logging configured.",1. Enabled pg_stat_statements. 2. Set log_min_duration_statement=500ms. 3. Added Grafana dashboard.,True,True,False,Improvement / Task,Improvement / Task,0.81,3360
INC-1478,ArgoCD app out of sync,Incident,CI/CD & Deployment Issues,P2,Medium,Resolved,2025-08-22 15:51:00,2025-08-23 14:51:00,"Hey team, ArgoCD showing OutOfSync but sync fails with permission error.",ArgoCD showing app OutOfSync but sync button fails with permission error.,"Config changes not deploying, manual kubectl apply required as workaround.",ArgoCD,Production,"Docker, AWS ECR",ArgoCD service account missing ClusterRole binding after RBAC audit cleanup.,1. Identified missing binding from RBAC diff. 2. Restored binding. 3. Synced app.,True,False,True,Incident,Incident,0.96,1380
INC-1479,Connection pool exhausted,Bug,Database Issues,P3,Medium,Closed,2025-09-07 18:33:00,2025-09-10 05:33:00,"Apps cannot connect to DB, throwing pool errors.",Apps throwing 'connection pool exhausted'. DB CPU normal but no connections available.,"All DB-dependent services failing, complete platform outage.",Analytics DB,Production,"PostgreSQL, PgBouncer",Microservice leaking connections by not closing cursors in exception path.,1. Killed idle connections via pg_terminate_backend. 2. Restarted offending service. 3. Fixed cursor handling.,True,True,True,Bug,Bug,0.97,3540
INC-1480,Node not ready in cluster,Bug,Infrastructure / Cloud Issues,P3,Medium,Resolved,2025-10-01 18:59:00,2025-10-02 23:59:00,"Urgent: Kubernetes node showing NotReady, pods being evicted.",kubectl shows node in NotReady state. Pods evicted and rescheduled causing brief downtime.,"30% capacity reduction, some pods pending for 15 minutes.",ELK Stack,Production,"Terraform, AWS",Kubelet ran out of memory due to log file accumulation on node.,1. Drained node. 2. Cleared logs. 3. Restarted kubelet. 4. Uncordoned.,True,True,False,Bug,Bug,0.89,1740
INC-1481,Deployment rollback needed,Bug,CI/CD & Deployment Issues,P2,Medium,In Progress,2025-12-25 10:38:00,,Error rate spiked to 15% within 5 minutes of deployment.,Error rate spiked to 15% within 5 minutes of deployment. Latency tripled.,"Significant user-facing degradation, revenue-impacting.",Docker Registry,Production,"Kubernetes, Helm",Pending investigation,Pending investigation,True,False,False,Bug,Bug,0.98,
INC-1482,Pipeline stuck,Bug,CI/CD & Deployment Issues,P2,High,Resolved,2025-08-13 05:21:00,2025-08-13 08:21:00,Production deployment pipeline hanging at build step for 2+ hours. Please look into this.,Production deployment pipeline hanging at build step for 2+ hours. No error output.,"Release blocked, hotfix cannot reach production.",ArgoCD,Production,GitLab CI,Deadlock in concurrent test step caused by shared file handle.,1. Aborted stuck job. 2. Cleared workspace. 3. Added timeout to test step. 4. Reran.,False,False,False,Bug,Bug,0.95,180
INC-1483,Pipeline stuck,Bug,CI/CD & Deployment Issues,P3,Medium,Resolved,2025-08-24 14:11:00,2025-08-24 18:11:00,FYI - Production deployment pipeline hanging at build step for 2+ hours.,Production deployment pipeline hanging at build step for 2+ hours. No error output.,"Release blocked, hotfix cannot reach production.",GitHub Actions Runner,Staging,"Kubernetes, Helm",Deadlock in concurrent test step caused by shared file handle.,1. Aborted stuck job. 2. Cleared workspace. 3. Added timeout to test step. 4. Reran.,False,False,True,Bug,Bug,0.82,240
INC-1484,S3 bucket access denied,Bug,Infrastructure / Cloud Issues,P2,High,Resolved,2025-08-17 17:46:00,2025-08-20 01:46:00,"Hey team, Application throwing AccessDenied on all file upload attempts.",Application throwing AccessDenied on all S3 PutObject calls.,File uploads broken for all users.,S3 Buckets,Production,"Ansible, Linux",IAM role policy accidentally removed during infrastructure-as-code refactor.,1. Identified missing statement in Terraform diff. 2. Re-applied policy. 3. Verified uploads.,False,False,False,Bug,Bug,0.73,3360
INC-1485,Pod crash looping,Incident,Infrastructure / Cloud Issues,P1,High,Closed,2025-10-04 07:49:00,2025-10-07 08:49:00,"Urgent: Payment service pods in CrashLoopBackOff, restarting every 30s.",CrashLoopBackOff on payment-service pods. Restarts every 30 seconds.,"Payment service fully down, all transactions failing.",ELK Stack,Staging,"Ansible, Linux",Missing environment variable after config map was accidentally deleted.,1. Checked pod logs. 2. Restored config map from git. 3. Pods stabilised.,True,False,False,Incident,Incident,0.98,4380
INC-1486,Background job not running,Incident,Application / Backend Issues,P1,High,Resolved,2025-09-20 12:24:00,2025-09-22 13:24:00,Getting complaints that Nightly report emails not being sent.,Nightly report emails not sent. Celery beat logs show task queued but never picked up.,Finance team missing daily summary reports.,Reporting Job,Production,"React, Node.js",Redis connection pool exhausted; beat scheduler silently skipping tasks.,1. Restarted Redis. 2. Increased max connections. 3. Added alerting on queue depth.,False,False,True,Incident,Incident,0.79,2940
INC-1487,DNS resolution failing,Bug,Network / Connectivity Issues,P3,Medium,In Progress,2025-12-24 12:09:00,,FYI - Services cannot resolve internal and external domains intermittently.,Services intermittently failing to resolve internal and external domains.,Cascading failures across 4 services depending on external APIs.,Internal Mesh,Production,Istio,Pending investigation,Pending investigation,True,False,False,Bug,Bug,0.87,
INC-1488,Replication lag spike,Bug,Database Issues,P3,Medium,Resolved,2025-10-27 12:09:00,2025-10-29 07:09:00,Read replica falling 45 minutes behind primary. Need a fix ASAP.,Read replica falling 45 minutes behind primary. Analytics queries returning stale data.,"Reporting dashboards showing incorrect figures, business decisions affected.",User DB,Production,"MongoDB, Python",Long-running migration on primary blocked replication slot.,1. Cancelled migration. 2. Rescheduled for off-peak. 3. Monitored lag until recovered.,False,False,False,Bug,Bug,0.88,2580
INC-1489,Intermittent packet loss,Incident,Network / Connectivity Issues,P2,Medium,Resolved,2025-10-17 15:11:00,2025-10-18 19:11:00,"2-5% ping loss between nodes, TCP retransmits elevated. Please look into this.",Ping loss between nodes 2-5% intermittently. TCP retransmits elevated.,"Degraded performance for all real-time features, chat and notifications affected.",API Gateway,Production,Cloudflare,Faulty NIC on one hypervisor host causing CRC errors.,1. Identified host with mtr. 2. Migrated VMs. 3. Raised ticket with data centre.,False,False,False,Incident,Incident,0.91,1680
INC-1490,High CPU on worker nodes,Incident,Infrastructure / Cloud Issues,P2,Medium,Resolved,2025-09-02 16:41:00,2025-09-04 10:41:00,"pls check ASAP: Node CPU at 95%+, multiple pods throttled.",Node CPU at 95%+. Multiple pods throttled causing cascading slowdowns.,"System-wide latency spike, 3 services degraded simultaneously.",Kubernetes Cluster,Production,"Elasticsearch, Linux",Runaway Celery task consuming CPU due to infinite retry loop on bad message.,1. Identified task with top. 2. Purged queue. 3. Added max_retries to task config.,False,False,True,Incident,Incident,0.98,2520
INC-1491,One-off job failure,Bug,Misc / Edge / New Issues,P3,Medium,Closed,2025-08-12 15:15:00,2025-08-13 09:15:00,"Hey team, Nightly report generation failed once at 3 AM, no recurrence.",Nightly report generation failed once at 3 AM. No recurrence.,"Finance team missing one daily report, manually regenerated.",Data Pipeline,Production,React,Transient network blip to external API during report generation window.,1. Manually triggered report. 2. Added retry with exponential backoff. 3. Monitored.,True,True,False,Bug,Bug,0.81,1080
INC-1492,Connection pool exhausted,Incident,Database Issues,P3,Medium,Resolved,2025-11-16 18:48:00,2025-11-17 13:48:00,"Apps cannot connect to DB, throwing pool errors. It was working fine yesterday.",Apps throwing 'connection pool exhausted'. DB CPU normal but no connections available.,"All DB-dependent services failing, complete platform outage.",Main DB,Production,"MongoDB, Python",Microservice leaking connections by not closing cursors in exception path.,1. Killed idle connections via pg_terminate_backend. 2. Restarted offending service. 3. Fixed cursor handling.,True,False,True,Incident,Incident,0.74,1140
INC-1493,Webhook delivery failure,Incident,Misc / Edge / New Issues,P1,Critical,Resolved,2025-10-14 22:23:00,2025-10-16 11:23:00,Third-party integration not receiving webhooks since last Tuesday. It was working fine yesterday.,Third-party integration not receiving webhooks since last Tuesday.,"Partner integration broken, manual workaround in place.",Data Pipeline,Production,"Celery, Redis","Webhook URL changed on partner side without notification, our side still hitting old URL.",1. Contacted partner. 2. Updated webhook URL. 3. Verified delivery resumed.,True,True,True,Incident,Incident,0.76,2220
INC-1494,Disk full on logging server,Bug,Infrastructure / Cloud Issues,P3,Medium,Closed,2025-08-19 01:32:00,2025-08-19 07:32:00,"Unable to write logs, getting No Space Left on Device. Need a fix ASAP.","Unable to write logs, getting 'No Space Left on Device'. Elasticsearch unresponsive.","All log ingestion stopped, monitoring blind for duration of incident.",S3 Buckets,Production,"Terraform, AWS",Log rotation cron job failed silently due to permission change after OS upgrade.,1. Manually deleted old indices. 2. Fixed cron permissions. 3. Set up disk usage alert.,True,False,True,Bug,Bug,0.97,360
INC-1495,Implement connection pooling,Improvement / Task,Database Issues,P3,Medium,Resolved,2026-01-21 10:56:00,2026-01-24 05:56:00,DB connection count grows linearly with service instances. Risk of exhaustion as we scale.,DB connection count growing linearly with service instances.,Risk of connection exhaustion as we scale horizontally.,User DB,Production,Redis,Services connecting directly to DB without a connection pooler.,1. Evaluated PgBouncer. 2. Deployed in transaction mode. 3. Tuned pool sizes.,False,False,False,Improvement / Task,Improvement / Task,0.85,4020
INC-1496,Node not ready in cluster,Incident,Infrastructure / Cloud Issues,P1,High,In Progress,2025-12-09 08:40:00,,"Kubernetes node showing NotReady, pods being evicted. Need a fix ASAP.",kubectl shows node in NotReady state. Pods evicted and rescheduled causing brief downtime.,"30% capacity reduction, some pods pending for 15 minutes.",S3 Buckets,Production,"Elasticsearch, Linux",Pending investigation,Pending investigation,True,True,True,Incident,Incident,0.81,
INC-1497,Service unreachable,Incident,Network / Connectivity Issues,P2,Medium,Resolved,2025-08-07 17:32:00,2025-08-09 06:32:00,"Customer reported: Auth service cannot reach User service, connection refused.",Auth service cannot reach User service. Connection refused on port 8080.,Login broken for all users.,VPN Gateway,Staging,Kubernetes,NetworkPolicy accidentally blocking inter-service traffic after namespace migration.,1. Identified with kubectl describe netpol. 2. Reverted policy YAML. 3. Verified connectivity.,False,False,True,Incident,Incident,0.87,2220
INC-1498,Service unreachable,Bug,Network / Connectivity Issues,P2,Medium,Resolved,2025-08-29 23:48:00,2025-08-31 11:48:00,"Auth service cannot reach User service, connection refused. Need a fix ASAP.",Auth service cannot reach User service. Connection refused on port 8080.,Login broken for all users.,API Gateway,Production,Cloudflare,NetworkPolicy accidentally blocking inter-service traffic after namespace migration.,1. Identified with kubectl describe netpol. 2. Reverted policy YAML. 3. Verified connectivity.,False,False,False,Bug,Bug,0.94,2160
INC-1499,Role misconfiguration,Bug,Authentication / Authorization Issues,P3,Low,Closed,2026-01-14 15:27:00,2026-01-18 21:27:00,Admin users getting 403 Forbidden on billing portal. Please look into this.,Admin users getting 403 Forbidden on billing portal. Role shown as correct in DB.,Finance team blocked from critical workflows.,Auth Service,Production,"OAuth2, Python",Accidental deletion of role-to-permission mapping during migration cleanup script.,1. Restored mapping from DB backup. 2. Cleared permission cache. 3. Verified admin access.,True,True,True,Bug,Bug,0.86,6120
INC-1500,Background job not running,Incident,Application / Backend Issues,P2,High,Resolved,2025-08-26 09:39:00,2025-08-27 19:39:00,CRITICAL: Nightly report emails not being sent.,Nightly report emails not sent. Celery beat logs show task queued but never picked up.,Finance team missing daily summary reports.,Reporting Job,Production,"Python, Django",Redis connection pool exhausted; beat scheduler silently skipping tasks.,1. Restarted Redis. 2. Increased max connections. 3. Added alerting on queue depth.,False,False,True,Incident,Incident,0.75,2040
INC-1501,Pipeline stuck,Improvement / Task,CI/CD & Deployment Issues,P2,Medium,Resolved,2025-08-14 11:25:00,2025-08-17 02:25:00,Production deployment pipeline hanging at build step for 2+ hours.,Production deployment pipeline hanging at build step for 2+ hours. No error output.,"Release blocked, hotfix cannot reach production.",ArgoCD,Production,GitLab CI,Deadlock in concurrent test step caused by shared file handle.,1. Aborted stuck job. 2. Cleared workspace. 3. Added timeout to test step. 4. Reran.,False,False,True,Incident,Improvement / Task,0.75,3780
INC-1502,High CPU on worker nodes,Incident,Infrastructure / Cloud Issues,P1,High,Closed,2025-08-03 09:30:00,2025-08-04 23:30:00,"Getting complaints that Node CPU at 95%+, multiple pods throttled.",Node CPU at 95%+. Multiple pods throttled causing cascading slowdowns.,"System-wide latency spike, 3 services degraded simultaneously.",ELK Stack,Staging,"Ansible, Linux",Runaway Celery task consuming CPU due to infinite retry loop on bad message.,1. Identified task with top. 2. Purged queue. 3. Added max_retries to task config.,False,False,True,Incident,Incident,0.82,2280
INC-1503,Database migration failed,Bug,Database Issues,P3,Medium,Closed,2025-12-20 08:36:00,2025-12-23 21:36:00,"Urgent: Deploy pipeline failed at migration step, schema in inconsistent state.",Deploy pipeline failed at migration step. Service rolled back but DB partially migrated.,"Inconsistent schema state, one feature broken until fixed.",Main DB,Production,"PostgreSQL, Flyway",Non-transactional DDL statement (adding index) inside transaction block.,1. Ran compensating migration manually. 2. Verified schema. 3. Fixed migration script.,False,False,False,Bug,Bug,0.94,5100
INC-1504,Feature not working,Incident,Application / Backend Issues,P3,Medium,Closed,2025-08-23 05:50:00,2025-08-26 21:50:00,FYI - Export to CSV button does nothing. Any ideas?,"No network request sent when clicking export button, console shows JS TypeError.","Users unable to export reports, blocking end-of-day workflows.",Frontend Webapp,Production,"React, Node.js",Recent refactor broke event listener binding on dynamic elements.,1. Reverted UI component commit. 2. Cleared CDN cache. 3. Re-deployed.,False,False,True,Incident,Incident,0.96,5280
INC-1505,High CPU on worker nodes,Incident,Infrastructure / Cloud Issues,P1,High,Resolved,2025-09-12 04:32:00,2025-09-12 12:32:00,"Urgent: Node CPU at 95%+, multiple pods throttled.",Node CPU at 95%+. Multiple pods throttled causing cascading slowdowns.,"System-wide latency spike, 3 services degraded simultaneously.",Kubernetes Cluster,Staging,"Kubernetes, Docker",Runaway Celery task consuming CPU due to infinite retry loop on bad message.,1. Identified task with top. 2. Purged queue. 3. Added max_retries to task config.,False,False,True,Incident,Incident,0.74,480
INC-1506,TLS certificate expired,Bug,Network / Connectivity Issues,P2,Medium,Closed,2025-08-28 19:48:00,2025-09-01 22:48:00,"Browser showing certificate error, all HTTPS traffic failing. Need a fix ASAP.",Browser showing certificate error on main domain. API clients failing SSL handshake.,"All external traffic failing, complete customer-facing outage.",VPN Gateway,Production,Kubernetes,cert-manager failed to renew certificate due to DNS challenge timeout.,1. Manually renewed via Let's Encrypt. 2. Fixed DNS challenge config. 3. Verified cert-manager auto-renew.,True,True,False,Bug,Bug,0.95,5940
INC-1507,Docker image build failing,Bug,CI/CD & Deployment Issues,P3,Medium,Closed,2025-08-23 16:40:00,2025-08-25 08:40:00,"Hey team, CI failing at docker build with package not found error.",CI failing at docker build step: 'package not found'. Worked in local builds.,All deployments blocked for 3 services sharing this base image.,Docker Registry,Production,"Kubernetes, Helm",Upstream Alpine package repository changed package name in new version.,1. Pinned base image to specific digest. 2. Updated package name. 3. Rebuilt.,True,True,False,Bug,Bug,0.71,2400
INC-1508,Docker image build failing,Bug,CI/CD & Deployment Issues,P2,High,Resolved,2025-08-11 06:28:00,2025-08-12 17:28:00,CI failing at docker build with package not found error. It was working fine yesterday.,CI failing at docker build step: 'package not found'. Worked in local builds.,All deployments blocked for 3 services sharing this base image.,Jenkins,Production,"Jenkins, GitHub Actions",Upstream Alpine package repository changed package name in new version.,1. Pinned base image to specific digest. 2. Updated package name. 3. Rebuilt.,False,False,False,Bug,Bug,0.8,2100
INC-1509,Autovacuum not keeping up,Bug,Database Issues,P2,High,Resolved,2025-11-10 12:00:00,2025-11-13 05:00:00,"Hey team, Table bloat increasing, query times gradually degrading.","Table bloat increasing, query times gradually degrading over 2 weeks.",Slow degradation of query performance across reporting module.,Inventory DB,Production,"MongoDB, Python",Autovacuum cost delay too high for write-heavy reporting table.,1. Ran manual VACUUM ANALYZE. 2. Tuned autovacuum_cost_delay. 3. Monitored bloat.,False,False,False,Bug,Bug,0.9,3900
INC-1510,Migrate from Jenkins to GitHub Actions,Improvement / Task,CI/CD & Deployment Issues,P2,Low,Resolved,2025-11-04 00:29:00,2025-11-06 16:29:00,"Hey team, Jenkins maintenance is taking 4+ hours per month and is a single point of failure for all CI.","Jenkins server maintenance taking 4+ hours per month, blocking deployments.",High operational overhead and single point of failure in CI infrastructure.,ArgoCD,Production,"Jenkins, GitHub Actions","Jenkins self-hosted with no HA setup, all CI dependent on single VM.",1. Assessed GitHub Actions feasibility. 2. Migrated 3 pipelines. 3. Deprecated Jenkins.,True,True,False,Improvement / Task,Improvement / Task,0.77,3840
INC-1511,Grafana dashboard showing no data,Bug,Monitoring / Alert Noise,P2,Medium,Resolved,2025-11-04 16:47:00,2025-11-05 19:47:00,All Grafana panels showing No Data despite metrics being present. Need a fix ASAP.,All panels in production dashboard showing No Data. Metrics visible in Prometheus UI.,Operations team blind to production health.,PagerDuty,Staging,Prometheus,Grafana datasource URL changed after Prometheus pod rescheduled to new IP.,1. Updated datasource URL to use service DNS instead of pod IP. 2. Verified panels.,False,False,False,Bug,Bug,0.7,1620
INC-1512,S3 bucket access denied,Incident,Infrastructure / Cloud Issues,P1,Critical,Resolved,2025-11-09 17:46:00,2025-11-12 17:46:00,Application throwing AccessDenied on all file upload attempts. Need a fix ASAP.,Application throwing AccessDenied on all S3 PutObject calls.,File uploads broken for all users.,S3 Buckets,Production,"Kubernetes, Docker",IAM role policy accidentally removed during infrastructure-as-code refactor.,1. Identified missing statement in Terraform diff. 2. Re-applied policy. 3. Verified uploads.,False,False,False,Incident,Incident,0.87,4320
INC-1513,Implement mTLS across service mesh,Improvement / Task,Network / Connectivity Issues,P2,Low,Closed,2025-09-24 19:24:00,2025-09-28 22:24:00,"Hey team, Security audit found internal service-to-service traffic is unencrypted. mTLS needs to be enforced.",Security audit found internal service-to-service traffic unencrypted.,Risk of lateral movement if network is compromised.,VPN Gateway,Production,Kubernetes,"Istio mTLS set to PERMISSIVE mode, never enforced.",1. Gradually enabled STRICT mTLS per namespace. 2. Fixed services failing handshake. 3. Enforced globally.,False,False,False,Improvement / Task,Improvement / Task,0.8,5940
INC-1514,Docker image build failing,Improvement / Task,CI/CD & Deployment Issues,P3,Low,Resolved,2025-11-23 16:45:00,2025-11-25 17:45:00,CI failing at docker build with package not found error. Please look into this.,CI failing at docker build step: 'package not found'. Worked in local builds.,All deployments blocked for 3 services sharing this base image.,GitHub Actions Runner,Production,"ArgoCD, Kustomize",Upstream Alpine package repository changed package name in new version.,1. Pinned base image to specific digest. 2. Updated package name. 3. Rebuilt.,False,False,False,Bug,Improvement / Task,0.57,2940
INC-1515,ArgoCD app out of sync,Incident,CI/CD & Deployment Issues,P3,Medium,Resolved,2025-08-06 15:27:00,2025-08-09 06:27:00,FYI - ArgoCD showing OutOfSync but sync fails with permission error. Any ideas?,ArgoCD showing app OutOfSync but sync button fails with permission error.,"Config changes not deploying, manual kubectl apply required as workaround.",CI/CD Pipeline,Production,"Kubernetes, Helm",ArgoCD service account missing ClusterRole binding after RBAC audit cleanup.,1. Identified missing binding from RBAC diff. 2. Restored binding. 3. Synced app.,False,False,True,Incident,Incident,0.85,3780
INC-1516,Add retry logic to all external API calls,Improvement / Task,Misc / Edge / New Issues,P3,Medium,Resolved,2025-10-25 16:57:00,2025-10-27 23:57:00,Multiple transient failures in the past quarter required manual intervention. Need retry logic.,Multiple transient failures in past quarter with no automatic recovery.,Manual intervention required for recoverable errors.,Webhook Handler,Staging,React,No retry or circuit breaker pattern implemented for external calls.,1. Added tenacity-based retry decorator. 2. Applied to all HTTP client calls. 3. Tested.,False,False,True,Improvement / Task,Improvement / Task,0.85,3300
INC-1517,Set up cluster autoscaler,Improvement / Task,Infrastructure / Cloud Issues,P3,Low,Resolved,2025-10-15 08:40:00,2025-10-18 08:40:00,Tech debt item: During peak traffic pods go pending due to insufficient capacity. Manual scaling is causing too much toil.,"During peak traffic, pods pending due to insufficient node capacity.","Manual scaling required during traffic spikes, causing toil.",Kubernetes Cluster,Production,"Elasticsearch, Linux","Cluster autoscaler not configured, capacity managed entirely manually.",1. Installed cluster-autoscaler helm chart. 2. Set min/max node counts. 3. Load tested.,False,False,True,Improvement / Task,Improvement / Task,0.82,4320
INC-1518,Replication lag spike,Incident,Database Issues,P2,High,Resolved,2026-01-29 10:29:00,2026-01-30 07:29:00,CRITICAL: Read replica falling 45 minutes behind primary.,Read replica falling 45 minutes behind primary. Analytics queries returning stale data.,"Reporting dashboards showing incorrect figures, business decisions affected.",Reporting DB,Staging,Redis,Long-running migration on primary blocked replication slot.,1. Cancelled migration. 2. Rescheduled for off-peak. 3. Monitored lag until recovered.,True,True,True,Incident,Incident,0.85,1260
INC-1519,Upgrade deprecated library,Improvement / Task,Application / Backend Issues,P2,Low,Resolved,2025-10-15 03:29:00,2025-10-18 03:29:00,"Hey team, Dependabot flagged a critical CVE in the requests library. Need to upgrade to patched version.",Dependabot flagged critical CVE in requests library.,Potential SSRF vulnerability if exploited.,Frontend Webapp,Production,"Go, Gin",Dependency pinned to old version and never updated.,1. Upgraded to patched version. 2. Ran regression tests. 3. Deployed.,False,False,False,Improvement / Task,Improvement / Task,0.73,4320
INC-1520,Feature not working,Incident,Application / Backend Issues,P3,Low,Closed,2025-10-19 22:43:00,2025-10-24 05:43:00,Export to CSV button does nothing. Need a fix ASAP.,"No network request sent when clicking export button, console shows JS TypeError.","Users unable to export reports, blocking end-of-day workflows.",Order API,Production,"Java, Spring Boot",Recent refactor broke event listener binding on dynamic elements.,1. Reverted UI component commit. 2. Cleared CDN cache. 3. Re-deployed.,False,False,True,Incident,Incident,0.89,6180
INC-1521,Refactor authentication middleware,Improvement / Task,Application / Backend Issues,P3,Low,Closed,2026-01-02 17:08:00,2026-01-07 13:08:00,Tech debt item: Auth logic is duplicated across 7 views. Code review flagged this as a maintenance and security risk.,Code review flagged auth logic duplicated across 7 views.,Technical debt increasing risk of auth bypass in future changes.,Order API,Production,"Python, FastAPI",Auth logic was copy-pasted during rapid feature development phase.,1. Extracted to reusable middleware. 2. Wrote unit tests. 3. Deployed incrementally.,False,False,False,Improvement / Task,Improvement / Task,0.91,6960
INC-1522,Intermittent packet loss,Bug,Network / Connectivity Issues,P3,Medium,Closed,2025-09-07 16:10:00,2025-09-09 11:10:00,"2-5% ping loss between nodes, TCP retransmits elevated.",Ping loss between nodes 2-5% intermittently. TCP retransmits elevated.,"Degraded performance for all real-time features, chat and notifications affected.",Load Balancer,Production,Cloudflare,Faulty NIC on one hypervisor host causing CRC errors.,1. Identified host with mtr. 2. Migrated VMs. 3. Raised ticket with data centre.,False,False,False,Bug,Bug,0.94,2580
INC-1523,Pipeline stuck,Incident,CI/CD & Deployment Issues,P3,Medium,In Progress,2026-01-22 10:09:00,,Production deployment pipeline hanging at build step for 2+ hours. Need a fix ASAP.,Production deployment pipeline hanging at build step for 2+ hours. No error output.,"Release blocked, hotfix cannot reach production.",CI/CD Pipeline,Staging,"Jenkins, GitHub Actions",Pending investigation,Pending investigation,False,False,True,Incident,Incident,0.7,
INC-1524,Memory leak in backend service,Incident,Application / Backend Issues,P2,High,Closed,2025-08-09 21:33:00,2025-08-13 10:33:00,"Backend service memory growing unboundedly, pods restarting. Please look into this.","RSS memory growing unboundedly, OOM killer terminating pods every 6 hours.",Service restarts causing 2-3 min downtime every 6 hours for all users.,Frontend Webapp,Staging,"Python, FastAPI",Celery worker holding reference to large object after task completion.,1. Identified object with memory profiler. 2. Added explicit del. 3. Redeployed.,False,False,True,Incident,Incident,0.77,5100
INC-1525,API returning 500s,Bug,Application / Backend Issues,P2,Medium,Resolved,2026-01-15 19:41:00,2026-01-16 07:41:00,Checkout API is failing with 500 Internal Server Error. Please look into this.,"Spike in 500 status codes, logs show NullPointerException in payment module.",Users cannot complete checkout (approx 200 users affected).,Notification Service,Production,"Go, Gin",Unhandled null value in payment payload from third-party provider.,1. Added null check. 2. Deployed hotfix. 3. Monitored error rates.,True,False,False,Bug,Bug,0.88,720
INC-1526,Replication lag spike,Bug,Database Issues,P2,Medium,Closed,2026-01-05 21:32:00,2026-01-10 03:32:00,Customer reported: Read replica falling 45 minutes behind primary.,Read replica falling 45 minutes behind primary. Analytics queries returning stale data.,"Reporting dashboards showing incorrect figures, business decisions affected.",Reporting DB,Production,Redis,Long-running migration on primary blocked replication slot.,1. Cancelled migration. 2. Rescheduled for off-peak. 3. Monitored lag until recovered.,False,False,False,Bug,Bug,0.87,6120
INC-1527,Service unreachable,Incident,Network / Connectivity Issues,P3,Medium,Resolved,2025-12-02 23:43:00,2025-12-04 14:43:00,"Auth service cannot reach User service, connection refused. It was working fine yesterday.",Auth service cannot reach User service. Connection refused on port 8080.,Login broken for all users.,Internal Mesh,Staging,Kubernetes,NetworkPolicy accidentally blocking inter-service traffic after namespace migration.,1. Identified with kubectl describe netpol. 2. Reverted policy YAML. 3. Verified connectivity.,True,True,True,Incident,Incident,0.76,2340
INC-1528,Slow query degrading API response,Incident,Application / Backend Issues,P2,Medium,In Progress,2025-11-06 04:22:00,,Getting complaints that Orders endpoint latency spiked from 200ms to 8 seconds.,P99 latency spiking from 200ms to 8s on /orders endpoint.,Order confirmation page timing out for ~15% of users.,Reporting Job,Production,"Python, FastAPI",Pending investigation,Pending investigation,False,False,True,Incident,Incident,0.86,
INC-1529,TLS certificate expired,Incident,Network / Connectivity Issues,P2,Medium,Resolved,2025-12-06 03:23:00,2025-12-06 05:23:00,"Hey team, Browser showing certificate error, all HTTPS traffic failing.",Browser showing certificate error on main domain. API clients failing SSL handshake.,"All external traffic failing, complete customer-facing outage.",API Gateway,Staging,"Nginx, AWS ALB",cert-manager failed to renew certificate due to DNS challenge timeout.,1. Manually renewed via Let's Encrypt. 2. Fixed DNS challenge config. 3. Verified cert-manager auto-renew.,True,False,False,Incident,Incident,0.72,120
INC-1530,TLS certificate expired,Bug,Network / Connectivity Issues,P3,Low,Resolved,2026-01-12 15:01:00,2026-01-14 08:01:00,"Hey team, Browser showing certificate error, all HTTPS traffic failing.",Browser showing certificate error on main domain. API clients failing SSL handshake.,"All external traffic failing, complete customer-facing outage.",VPN Gateway,Production,"WireGuard, Linux",cert-manager failed to renew certificate due to DNS challenge timeout.,1. Manually renewed via Let's Encrypt. 2. Fixed DNS challenge config. 3. Verified cert-manager auto-renew.,True,True,False,Bug,Bug,0.78,2460
INC-1531,DNS resolution failing,Incident,Network / Connectivity Issues,P2,Medium,Closed,2025-09-16 08:49:00,2025-09-18 02:49:00,"Hey team, Services cannot resolve internal and external domains intermittently.",Services intermittently failing to resolve internal and external domains.,Cascading failures across 4 services depending on external APIs.,VPN Gateway,Production,Cloudflare,CoreDNS pods overwhelmed by DNS flood from misconfigured ndots setting.,1. Scaled CoreDNS replicas from 2 to 5. 2. Added ndots:1 to pod DNS config. 3. Verified resolution.,True,False,True,Incident,Incident,0.91,2520
INC-1532,Pod crash looping,Improvement / Task,Infrastructure / Cloud Issues,P3,Low,Closed,2025-10-08 04:51:00,2025-10-11 02:51:00,"Urgent: Payment service pods in CrashLoopBackOff, restarting every 30s.",CrashLoopBackOff on payment-service pods. Restarts every 30 seconds.,"Payment service fully down, all transactions failing.",Load Balancer,Production,"Ansible, Linux",Missing environment variable after config map was accidentally deleted.,1. Checked pod logs. 2. Restored config map from git. 3. Pods stabilised.,True,True,True,Bug,Improvement / Task,0.63,4200
INC-1533,Connection pool exhausted,Bug,Database Issues,P3,Medium,Closed,2025-10-20 12:14:00,2025-10-24 20:14:00,"FYI - Apps cannot connect to DB, throwing pool errors.",Apps throwing 'connection pool exhausted'. DB CPU normal but no connections available.,"All DB-dependent services failing, complete platform outage.",Main DB,Production,Redis,Microservice leaking connections by not closing cursors in exception path.,1. Killed idle connections via pg_terminate_backend. 2. Restarted offending service. 3. Fixed cursor handling.,True,True,False,Bug,Bug,0.8,6240
INC-1534,Implement connection pooling,Improvement / Task,Database Issues,P3,Medium,Resolved,2025-09-14 07:34:00,2025-09-16 00:34:00,Tech debt item: DB connection count grows linearly with service instances. Risk of exhaustion as we scale.,DB connection count growing linearly with service instances.,Risk of connection exhaustion as we scale horizontally.,User DB,Production,MySQL,Services connecting directly to DB without a connection pooler.,1. Evaluated PgBouncer. 2. Deployed in transaction mode. 3. Tuned pool sizes.,False,False,False,Improvement / Task,Improvement / Task,0.79,2460
INC-1535,TLS certificate expired,Incident,Network / Connectivity Issues,P2,Medium,Resolved,2025-08-11 20:37:00,2025-08-13 15:37:00,"Getting complaints that Browser showing certificate error, all HTTPS traffic failing.",Browser showing certificate error on main domain. API clients failing SSL handshake.,"All external traffic failing, complete customer-facing outage.",Load Balancer,Staging,Cloudflare,cert-manager failed to renew certificate due to DNS challenge timeout.,1. Manually renewed via Let's Encrypt. 2. Fixed DNS challenge config. 3. Verified cert-manager auto-renew.,True,False,False,Incident,Incident,0.8,2580
INC-1536,Add DB query performance monitoring,Improvement / Task,Database Issues,P2,Low,Resolved,2025-08-02 15:14:00,2025-08-02 17:14:00,Tech debt item: Slow queries only discovered reactively after user complaints. Need proactive query monitoring.,Slow queries only discovered reactively after user complaints.,No visibility into query performance trends before they cause incidents.,Reporting DB,Production,"MongoDB, Python","pg_stat_statements not enabled, no slow query logging configured.",1. Enabled pg_stat_statements. 2. Set log_min_duration_statement=500ms. 3. Added Grafana dashboard.,False,False,False,Improvement / Task,Improvement / Task,0.9,120
INC-1537,Pipeline stuck,Incident,CI/CD & Deployment Issues,P3,Low,In Progress,2025-08-29 04:04:00,,"Hey team, Production deployment pipeline hanging at build step for 2+ hours.",Production deployment pipeline hanging at build step for 2+ hours. No error output.,"Release blocked, hotfix cannot reach production.",ArgoCD,Production,"Docker, AWS ECR",Pending investigation,Pending investigation,False,False,True,Incident,Incident,0.87,
INC-1538,Implement connection pooling,Improvement / Task,Database Issues,P2,Low,Closed,2025-10-11 01:19:00,2025-10-12 01:19:00,FYI - DB connection count grows linearly with service instances. Risk of exhaustion as we scale.,DB connection count growing linearly with service instances.,Risk of connection exhaustion as we scale horizontally.,Inventory DB,Production,Redis,Services connecting directly to DB without a connection pooler.,1. Evaluated PgBouncer. 2. Deployed in transaction mode. 3. Tuned pool sizes.,False,False,False,Improvement / Task,Improvement / Task,0.84,1440
INC-1539,Pipeline stuck,Incident,CI/CD & Deployment Issues,P2,High,Closed,2025-10-23 00:56:00,2025-10-25 00:56:00,Production deployment pipeline hanging at build step for 2+ hours. It was working fine yesterday.,Production deployment pipeline hanging at build step for 2+ hours. No error output.,"Release blocked, hotfix cannot reach production.",CI/CD Pipeline,Production,"ArgoCD, Kustomize",Deadlock in concurrent test step caused by shared file handle.,1. Aborted stuck job. 2. Cleared workspace. 3. Added timeout to test step. 4. Reran.,False,False,False,Bug,Incident,0.63,2880
INC-1540,Add automated smoke tests post-deploy,Improvement / Task,CI/CD & Deployment Issues,P2,Low,Closed,2025-09-16 22:58:00,2025-09-19 15:58:00,Raising this for tracking: Post-incident review showed deployment issues could be caught in 2 minutes with basic smoke tests.,Post-incident review showed deployment issue could have been caught in 2 minutes.,Deployments currently have no automated health validation step.,CI/CD Pipeline,Production,GitLab CI,Smoke test suite exists locally but never integrated into pipeline.,1. Added smoke test stage to Jenkins pipeline. 2. Auto-rollback on failure. 3. Tested.,False,False,False,Improvement / Task,Improvement / Task,0.87,3900
INC-1541,Role misconfiguration,Bug,Authentication / Authorization Issues,P3,Medium,Resolved,2025-12-07 11:10:00,2025-12-09 23:10:00,Customer reported: Admin users getting 403 Forbidden on billing portal.,Admin users getting 403 Forbidden on billing portal. Role shown as correct in DB.,Finance team blocked from critical workflows.,IAM Module,Production,"LDAP, Active Directory",Accidental deletion of role-to-permission mapping during migration cleanup script.,1. Restored mapping from DB backup. 2. Cleared permission cache. 3. Verified admin access.,False,False,False,Bug,Bug,0.75,3600
INC-1542,SSO login loop,Incident,Authentication / Authorization Issues,P3,Low,Closed,2025-11-04 22:54:00,2025-11-05 14:54:00,Users redirected in infinite loop between app and SSO provider. Affecting multiple users.,Users redirected in infinite loop between app and SSO provider. Never lands on dashboard.,"All SSO-based logins broken, affecting 80% of user base.",IAM Module,Staging,Keycloak,Redirect URI mismatch after domain change not updated in SSO provider config.,1. Updated redirect URI in Keycloak. 2. Cleared browser cookies. 3. Verified login flow.,False,False,True,Incident,Incident,0.77,960
INC-1543,Service unreachable,Incident,Network / Connectivity Issues,P3,Low,Closed,2025-10-25 12:42:00,2025-10-25 18:42:00,"Auth service cannot reach User service, connection refused.",Auth service cannot reach User service. Connection refused on port 8080.,Login broken for all users.,CoreDNS,Production,Kubernetes,NetworkPolicy accidentally blocking inter-service traffic after namespace migration.,1. Identified with kubectl describe netpol. 2. Reverted policy YAML. 3. Verified connectivity.,True,False,True,Incident,Incident,0.97,360
INC-1544,Token expiration issue,Bug,Authentication / Authorization Issues,P2,High,Resolved,2025-09-27 09:02:00,2025-09-27 16:02:00,FYI - Users getting randomly logged out mid-session.,Users getting randomly logged out mid-session. JWT validation failing for valid tokens.,"All users affected, session stability broken platform-wide.",Auth Service,Production,"Redis, Node.js",JWT signing key rotation job ran but new key not propagated to all auth pods.,1. Identified key mismatch in logs. 2. Restarted auth pods with correct key. 3. Forced re-login.,True,True,False,Bug,Bug,0.86,420
INC-1545,Token expiration issue,Incident,Authentication / Authorization Issues,P2,High,Resolved,2025-12-11 20:54:00,2025-12-14 07:54:00,Customer reported: Users getting randomly logged out mid-session.,Users getting randomly logged out mid-session. JWT validation failing for valid tokens.,"All users affected, session stability broken platform-wide.",API Gateway,Staging,Keycloak,JWT signing key rotation job ran but new key not propagated to all auth pods.,1. Identified key mismatch in logs. 2. Restarted auth pods with correct key. 3. Forced re-login.,False,False,True,Incident,Incident,0.72,3540
INC-1546,High CPU on worker nodes,Bug,Infrastructure / Cloud Issues,P2,High,Resolved,2025-08-03 08:14:00,2025-08-05 07:14:00,"Urgent: Node CPU at 95%+, multiple pods throttled.",Node CPU at 95%+. Multiple pods throttled causing cascading slowdowns.,"System-wide latency spike, 3 services degraded simultaneously.",Celery Workers,Staging,"Terraform, AWS",Runaway Celery task consuming CPU due to infinite retry loop on bad message.,1. Identified task with top. 2. Purged queue. 3. Added max_retries to task config.,False,False,False,Bug,Bug,0.97,2820
INC-1547,Alert not firing for real outage,Bug,Monitoring / Alert Noise,P2,High,Resolved,2025-09-13 00:21:00,2025-09-13 03:21:00,Service was down for 12 minutes before anyone noticed. It was working fine yesterday.,Service was down for 12 minutes before anyone noticed. No alert fired.,Delayed detection significantly worsened incident impact.,Grafana,Production,"Datadog, PagerDuty",Alert rule targeting wrong metric label after Prometheus federation change.,1. Fixed label selector in alert rule. 2. Verified with promtool. 3. Added alert test.,False,False,False,Bug,Bug,0.92,180
INC-1548,Timeouts on Dashboard,Incident,Application / Backend Issues,P1,Critical,Closed,2025-08-11 02:44:00,2025-08-12 23:44:00,Dashboard takes 30+ seconds to load and then times out. Need a fix ASAP.,"Gateway timeouts (504), high latency on /metrics endpoint.",All internal users experiencing slow load times.,Analytics API,Production,"Python, FastAPI",Inefficient data aggregation logic causing N+1 database queries.,1. Temporarily disabled heavy widget. 2. Restarted API pods. 3. Optimised query with JOIN.,False,False,True,Incident,Incident,0.77,2700
INC-1549,API returning 500s,Incident,Application / Backend Issues,P2,High,Resolved,2025-08-18 15:40:00,2025-08-18 22:40:00,Checkout API is failing with 500 Internal Server Error. Please look into this.,"Spike in 500 status codes, logs show NullPointerException in payment module.",Users cannot complete checkout (approx 200 users affected).,Checkout Service,Production,"Java, Spring Boot",Unhandled null value in payment payload from third-party provider.,1. Added null check. 2. Deployed hotfix. 3. Monitored error rates.,True,True,True,Incident,Incident,0.95,420
INC-1550,Set up cluster autoscaler,Improvement / Task,Infrastructure / Cloud Issues,P3,Medium,Resolved,2025-10-04 14:09:00,2025-10-05 13:09:00,Tech debt item: During peak traffic pods go pending due to insufficient capacity. Manual scaling is causing too much toil.,"During peak traffic, pods pending due to insufficient node capacity.","Manual scaling required during traffic spikes, causing toil.",ELK Stack,Production,"AWS EC2, Python","Cluster autoscaler not configured, capacity managed entirely manually.",1. Installed cluster-autoscaler helm chart. 2. Set min/max node counts. 3. Load tested.,True,False,False,Improvement / Task,Improvement / Task,0.79,1380
INC-1551,Feature not working,Incident,Application / Backend Issues,P2,Medium,Resolved,2025-11-09 16:06:00,2025-11-11 15:06:00,Urgent: Export to CSV button does nothing.,"No network request sent when clicking export button, console shows JS TypeError.","Users unable to export reports, blocking end-of-day workflows.",Reporting Job,Production,"Go, Gin",Recent refactor broke event listener binding on dynamic elements.,1. Reverted UI component commit. 2. Cleared CDN cache. 3. Re-deployed.,True,True,False,Incident,Incident,0.88,2820
INC-1552,Memory leak in backend service,Incident,Application / Backend Issues,P2,High,Resolved,2025-08-21 15:54:00,2025-08-23 06:54:00,"Backend service memory growing unboundedly, pods restarting. It was working fine yesterday.","RSS memory growing unboundedly, OOM killer terminating pods every 6 hours.",Service restarts causing 2-3 min downtime every 6 hours for all users.,Notification Service,Production,"Python, Django",Celery worker holding reference to large object after task completion.,1. Identified object with memory profiler. 2. Added explicit del. 3. Redeployed.,False,False,True,Incident,Incident,0.94,2340
INC-1553,Feature not working,Incident,Application / Backend Issues,P3,Medium,Resolved,2025-11-01 08:35:00,2025-11-04 01:35:00,Export to CSV button does nothing. Please look into this.,"No network request sent when clicking export button, console shows JS TypeError.","Users unable to export reports, blocking end-of-day workflows.",Analytics API,Production,"Go, Gin",Recent refactor broke event listener binding on dynamic elements.,1. Reverted UI component commit. 2. Cleared CDN cache. 3. Re-deployed.,False,False,False,Bug,Incident,0.58,3900
INC-1554,Migrate from Jenkins to GitHub Actions,Improvement / Task,CI/CD & Deployment Issues,P2,Medium,Closed,2025-11-23 02:25:00,2025-11-27 22:25:00,Jenkins maintenance is taking 4+ hours per month and is a single point of failure for all CI.,"Jenkins server maintenance taking 4+ hours per month, blocking deployments.",High operational overhead and single point of failure in CI infrastructure.,Jenkins,Production,"Jenkins, GitHub Actions","Jenkins self-hosted with no HA setup, all CI dependent on single VM.",1. Assessed GitHub Actions feasibility. 2. Migrated 3 pipelines. 3. Deprecated Jenkins.,False,False,False,Improvement / Task,Improvement / Task,0.76,6960
INC-1555,Webhook delivery failure,Improvement / Task,Misc / Edge / New Issues,P3,Medium,Resolved,2025-11-27 03:58:00,2025-11-29 13:58:00,Third-party integration not receiving webhooks since last Tuesday.,Third-party integration not receiving webhooks since last Tuesday.,"Partner integration broken, manual workaround in place.",Webapp,Production,"Celery, Redis","Webhook URL changed on partner side without notification, our side still hitting old URL.",1. Contacted partner. 2. Updated webhook URL. 3. Verified delivery resumed.,False,False,False,Bug,Improvement / Task,0.63,3480
INC-1556,Pod crash looping,Bug,Infrastructure / Cloud Issues,P1,Critical,Closed,2025-10-06 04:03:00,2025-10-10 00:03:00,"Payment service pods in CrashLoopBackOff, restarting every 30s. It was working fine yesterday.",CrashLoopBackOff on payment-service pods. Restarts every 30 seconds.,"Payment service fully down, all transactions failing.",Kubernetes Cluster,Production,"AWS EC2, Python",Missing environment variable after config map was accidentally deleted.,1. Checked pod logs. 2. Restored config map from git. 3. Pods stabilised.,True,False,False,Bug,Bug,0.75,5520
INC-1557,Timeouts on Dashboard,Bug,Application / Backend Issues,P3,Medium,Resolved,2025-08-14 14:06:00,2025-08-16 09:06:00,Dashboard takes 30+ seconds to load and then times out. It was working fine yesterday.,"Gateway timeouts (504), high latency on /metrics endpoint.",All internal users experiencing slow load times.,Order API,Production,"Python, FastAPI",Inefficient data aggregation logic causing N+1 database queries.,1. Temporarily disabled heavy widget. 2. Restarted API pods. 3. Optimised query with JOIN.,False,False,True,Incident,Bug,0.67,2580
INC-1558,Add DB query performance monitoring,Improvement / Task,Database Issues,P3,Low,Resolved,2025-09-25 15:17:00,2025-09-28 03:17:00,Raising this for tracking: Slow queries only discovered reactively after user complaints. Need proactive query monitoring.,Slow queries only discovered reactively after user complaints.,No visibility into query performance trends before they cause incidents.,Inventory DB,Production,"PostgreSQL, Flyway","pg_stat_statements not enabled, no slow query logging configured.",1. Enabled pg_stat_statements. 2. Set log_min_duration_statement=500ms. 3. Added Grafana dashboard.,False,False,False,Improvement / Task,Improvement / Task,0.88,3600
INC-1559,Timeouts on Dashboard,Bug,Application / Backend Issues,P2,Medium,Resolved,2025-12-31 23:01:00,2026-01-03 16:01:00,FYI - Dashboard takes 30+ seconds to load and then times out.,"Gateway timeouts (504), high latency on /metrics endpoint.",All internal users experiencing slow load times.,Analytics API,Production,"React, Node.js",Inefficient data aggregation logic causing N+1 database queries.,1. Temporarily disabled heavy widget. 2. Restarted API pods. 3. Optimised query with JOIN.,False,False,False,Bug,Bug,0.78,3900
INC-1560,Deadlock errors in transaction logs,Improvement / Task,Database Issues,P2,Medium,Closed,2025-11-01 20:46:00,2025-11-06 03:46:00,Intermittent deadlock exceptions in order processing every 2 hours. Need a fix ASAP.,Intermittent deadlock exceptions in order processing service every ~2 hours.,Approximately 0.5% of orders failing and requiring manual retry.,Inventory DB,Production,"PostgreSQL, PgBouncer",Two services acquiring locks on orders and inventory tables in opposite order.,1. Identified lock order from pg_locks. 2. Standardised lock acquisition order. 3. Deployed.,False,False,False,Incident,Improvement / Task,0.63,6180
INC-1561,Refactor authentication middleware,Bug,Application / Backend Issues,P3,Low,In Progress,2025-12-02 19:53:00,,Tech debt item: Auth logic is duplicated across 7 views. Code review flagged this as a maintenance and security risk.,Code review flagged auth logic duplicated across 7 views.,Technical debt increasing risk of auth bypass in future changes.,Frontend Webapp,Production,"Python, Django",Pending investigation,Pending investigation,False,False,False,Improvement / Task,Bug,0.58,
INC-1562,Intermittent packet loss,Incident,Network / Connectivity Issues,P3,Low,Closed,2025-08-28 10:43:00,2025-09-01 03:43:00,"pls check ASAP: 2-5% ping loss between nodes, TCP retransmits elevated.",Ping loss between nodes 2-5% intermittently. TCP retransmits elevated.,"Degraded performance for all real-time features, chat and notifications affected.",Internal Mesh,Production,Cloudflare,Faulty NIC on one hypervisor host causing CRC errors.,1. Identified host with mtr. 2. Migrated VMs. 3. Raised ticket with data centre.,False,False,True,Incident,Incident,0.9,5340
INC-1563,Slow query degrading API response,Bug,Application / Backend Issues,P2,Medium,Resolved,2025-08-16 16:30:00,2025-08-18 10:30:00,Urgent: Orders endpoint latency spiked from 200ms to 8 seconds.,P99 latency spiking from 200ms to 8s on /orders endpoint.,Order confirmation page timing out for ~15% of users.,Analytics API,Production,"Java, Spring Boot",Missing index on orders.created_at column after schema migration.,1. Ran EXPLAIN ANALYZE. 2. Added index concurrently. 3. Verified latency drop.,True,True,False,Bug,Bug,0.88,2520
INC-1564,Connection pool exhausted,Incident,Database Issues,P1,Critical,Resolved,2025-09-03 17:56:00,2025-09-06 11:56:00,"pls check ASAP: Apps cannot connect to DB, throwing pool errors.",Apps throwing 'connection pool exhausted'. DB CPU normal but no connections available.,"All DB-dependent services failing, complete platform outage.",Main DB,Production,Redis,Microservice leaking connections by not closing cursors in exception path.,1. Killed idle connections via pg_terminate_backend. 2. Restarted offending service. 3. Fixed cursor handling.,True,True,True,Incident,Incident,0.73,3960
INC-1565,Slow query degrading API response,Bug,Application / Backend Issues,P3,Low,Closed,2026-01-09 21:17:00,2026-01-12 12:17:00,Urgent: Orders endpoint latency spiked from 200ms to 8 seconds.,P99 latency spiking from 200ms to 8s on /orders endpoint.,Order confirmation page timing out for ~15% of users.,Frontend Webapp,Production,"Python, FastAPI",Missing index on orders.created_at column after schema migration.,1. Ran EXPLAIN ANALYZE. 2. Added index concurrently. 3. Verified latency drop.,True,True,False,Bug,Bug,0.88,3780
INC-1566,Disk full on logging server,Bug,Infrastructure / Cloud Issues,P3,Medium,Resolved,2025-09-16 11:21:00,2025-09-19 10:21:00,"FYI - Unable to write logs, getting No Space Left on Device. Any ideas?","Unable to write logs, getting 'No Space Left on Device'. Elasticsearch unresponsive.","All log ingestion stopped, monitoring blind for duration of incident.",Kubernetes Cluster,Production,"Terraform, AWS",Log rotation cron job failed silently due to permission change after OS upgrade.,1. Manually deleted old indices. 2. Fixed cron permissions. 3. Set up disk usage alert.,True,True,True,Incident,Bug,0.61,4260
INC-1567,Alert not firing for real outage,Bug,Monitoring / Alert Noise,P3,Medium,Resolved,2025-09-29 22:31:00,2025-10-01 18:31:00,Service was down for 12 minutes before anyone noticed.,Service was down for 12 minutes before anyone noticed. No alert fired.,Delayed detection significantly worsened incident impact.,Alertmanager,Production,OpenTelemetry,Alert rule targeting wrong metric label after Prometheus federation change.,1. Fixed label selector in alert rule. 2. Verified with promtool. 3. Added alert test.,False,False,True,Bug,Bug,0.78,2640
INC-1568,Pipeline stuck,Incident,CI/CD & Deployment Issues,P1,Critical,Resolved,2026-01-13 16:51:00,2026-01-15 12:51:00,CRITICAL: Production deployment pipeline hanging at build step for 2+ hours.,Production deployment pipeline hanging at build step for 2+ hours. No error output.,"Release blocked, hotfix cannot reach production.",GitHub Actions Runner,Production,"ArgoCD, Kustomize",Deadlock in concurrent test step caused by shared file handle.,1. Aborted stuck job. 2. Cleared workspace. 3. Added timeout to test step. 4. Reran.,True,True,True,Incident,Incident,0.72,2640
INC-1569,DNS resolution failing,Bug,Network / Connectivity Issues,P2,Medium,Closed,2025-12-09 07:39:00,2025-12-09 23:39:00,Services cannot resolve internal and external domains intermittently.,Services intermittently failing to resolve internal and external domains.,Cascading failures across 4 services depending on external APIs.,CoreDNS,Production,"Nginx, AWS ALB",CoreDNS pods overwhelmed by DNS flood from misconfigured ndots setting.,1. Scaled CoreDNS replicas from 2 to 5. 2. Added ndots:1 to pod DNS config. 3. Verified resolution.,False,False,True,Bug,Bug,0.78,960
INC-1570,Automate log rotation configuration,Incident,Infrastructure / Cloud Issues,P3,Low,Closed,2025-11-24 07:10:00,2025-11-27 13:10:00,Post-incident review flagged manual log rotation as a recurring operational risk across all nodes.,Post-incident review revealed manual log rotation as recurring risk.,Recurring risk of disk full incidents across all logging nodes.,EC2 Fleet,Production,"AWS EC2, Python",No standardised log rotation policy enforced via configuration management.,1. Added logrotate config to Ansible playbook. 2. Applied across fleet. 3. Tested.,False,False,False,Improvement / Task,Incident,0.61,4680
INC-1571,Node not ready in cluster,Incident,Infrastructure / Cloud Issues,P2,High,Resolved,2025-12-25 02:05:00,2025-12-25 11:05:00,"FYI - Kubernetes node showing NotReady, pods being evicted. Any ideas?",kubectl shows node in NotReady state. Pods evicted and rescheduled causing brief downtime.,"30% capacity reduction, some pods pending for 15 minutes.",S3 Buckets,Production,"Kubernetes, Docker",Kubelet ran out of memory due to log file accumulation on node.,1. Drained node. 2. Cleared logs. 3. Restarted kubelet. 4. Uncordoned.,True,True,False,Incident,Incident,0.87,540
INC-1572,S3 bucket access denied,Improvement / Task,Infrastructure / Cloud Issues,P1,High,Resolved,2025-12-14 00:17:00,2025-12-15 02:17:00,CRITICAL: Application throwing AccessDenied on all file upload attempts.,Application throwing AccessDenied on all S3 PutObject calls.,File uploads broken for all users.,Celery Workers,Staging,"Terraform, AWS",IAM role policy accidentally removed during infrastructure-as-code refactor.,1. Identified missing statement in Terraform diff. 2. Re-applied policy. 3. Verified uploads.,False,False,False,Incident,Improvement / Task,0.65,1560
INC-1573,Timeouts on Dashboard,Incident,Application / Backend Issues,P2,Medium,In Progress,2025-10-31 06:24:00,,Customer reported: Dashboard takes 30+ seconds to load and then times out.,"Gateway timeouts (504), high latency on /metrics endpoint.",All internal users experiencing slow load times.,Frontend Webapp,Production,"React, Node.js",Pending investigation,Pending investigation,False,False,True,Incident,Incident,0.8,
INC-1574,Disk full on logging server,Incident,Infrastructure / Cloud Issues,P1,High,In Progress,2025-09-23 20:25:00,,"CRITICAL: Unable to write logs, getting No Space Left on Device.","Unable to write logs, getting 'No Space Left on Device'. Elasticsearch unresponsive.","All log ingestion stopped, monitoring blind for duration of incident.",Celery Workers,Production,"Kubernetes, Docker",Pending investigation,Pending investigation,True,False,False,Incident,Incident,0.95,
INC-1575,Alert not firing for real outage,Incident,Monitoring / Alert Noise,P3,Low,Resolved,2025-10-20 13:44:00,2025-10-20 17:44:00,Urgent: Service was down for 12 minutes before anyone noticed.,Service was down for 12 minutes before anyone noticed. No alert fired.,Delayed detection significantly worsened incident impact.,Grafana,Production,ELK Stack,Alert rule targeting wrong metric label after Prometheus federation change.,1. Fixed label selector in alert rule. 2. Verified with promtool. 3. Added alert test.,True,True,True,Incident,Incident,0.95,240
INC-1576,Disk full on logging server,Bug,Infrastructure / Cloud Issues,P3,Medium,Resolved,2025-08-14 02:43:00,2025-08-14 04:43:00,"FYI - Unable to write logs, getting No Space Left on Device.","Unable to write logs, getting 'No Space Left on Device'. Elasticsearch unresponsive.","All log ingestion stopped, monitoring blind for duration of incident.",ELK Stack,Staging,"AWS EC2, Python",Log rotation cron job failed silently due to permission change after OS upgrade.,1. Manually deleted old indices. 2. Fixed cron permissions. 3. Set up disk usage alert.,True,True,False,Bug,Bug,0.78,120
INC-1577,Docker image build failing,Incident,CI/CD & Deployment Issues,P1,High,Resolved,2025-09-01 00:32:00,2025-09-01 06:32:00,pls check ASAP: CI failing at docker build with package not found error.,CI failing at docker build step: 'package not found'. Worked in local builds.,All deployments blocked for 3 services sharing this base image.,Jenkins,Production,"ArgoCD, Kustomize",Upstream Alpine package repository changed package name in new version.,1. Pinned base image to specific digest. 2. Updated package name. 3. Rebuilt.,False,False,False,Incident,Incident,0.72,360
INC-1578,Background job not running,Bug,Application / Backend Issues,P2,High,Closed,2025-08-18 19:24:00,2025-08-23 16:24:00,"Hey team, Nightly report emails not being sent.",Nightly report emails not sent. Celery beat logs show task queued but never picked up.,Finance team missing daily summary reports.,Reporting Job,Staging,"React, Node.js",Redis connection pool exhausted; beat scheduler silently skipping tasks.,1. Restarted Redis. 2. Increased max connections. 3. Added alerting on queue depth.,False,False,False,Bug,Bug,0.76,7020
INC-1579,Token expiration issue,Incident,Authentication / Authorization Issues,P3,Medium,Resolved,2025-09-23 01:58:00,2025-09-23 10:58:00,pls check ASAP: Users getting randomly logged out mid-session.,Users getting randomly logged out mid-session. JWT validation failing for valid tokens.,"All users affected, session stability broken platform-wide.",Session Store,Production,"LDAP, Active Directory",JWT signing key rotation job ran but new key not propagated to all auth pods.,1. Identified key mismatch in logs. 2. Restarted auth pods with correct key. 3. Forced re-login.,True,True,False,Incident,Incident,0.86,540
INC-1580,Node not ready in cluster,Incident,Infrastructure / Cloud Issues,P2,Medium,Resolved,2025-09-29 03:48:00,2025-09-29 04:48:00,"CRITICAL: Kubernetes node showing NotReady, pods being evicted.",kubectl shows node in NotReady state. Pods evicted and rescheduled causing brief downtime.,"30% capacity reduction, some pods pending for 15 minutes.",Kubernetes Cluster,Production,"Ansible, Linux",Kubelet ran out of memory due to log file accumulation on node.,1. Drained node. 2. Cleared logs. 3. Restarted kubelet. 4. Uncordoned.,False,False,True,Incident,Incident,0.98,60
INC-1581,Migrate from Jenkins to GitHub Actions,Improvement / Task,CI/CD & Deployment Issues,P3,Medium,Closed,2026-01-27 11:14:00,2026-01-28 15:14:00,Jenkins maintenance is taking 4+ hours per month and is a single point of failure for all CI.,"Jenkins server maintenance taking 4+ hours per month, blocking deployments.",High operational overhead and single point of failure in CI infrastructure.,GitHub Actions Runner,Production,"ArgoCD, Kustomize","Jenkins self-hosted with no HA setup, all CI dependent on single VM.",1. Assessed GitHub Actions feasibility. 2. Migrated 3 pipelines. 3. Deprecated Jenkins.,True,False,True,Improvement / Task,Improvement / Task,0.97,1680
INC-1582,S3 bucket access denied,Incident,Infrastructure / Cloud Issues,P3,Low,Resolved,2025-10-22 13:21:00,2025-10-23 03:21:00,Application throwing AccessDenied on all file upload attempts.,Application throwing AccessDenied on all S3 PutObject calls.,File uploads broken for all users.,EC2 Fleet,Production,"Kubernetes, Docker",IAM role policy accidentally removed during infrastructure-as-code refactor.,1. Identified missing statement in Terraform diff. 2. Re-applied policy. 3. Verified uploads.,False,False,True,Incident,Incident,0.91,840
INC-1583,Upgrade deprecated library,Improvement / Task,Application / Backend Issues,P3,Low,In Progress,2025-09-11 18:38:00,,Dependabot flagged a critical CVE in the requests library. Need to upgrade to patched version. Please look into this.,Dependabot flagged critical CVE in requests library.,Potential SSRF vulnerability if exploited.,Analytics API,Production,"Python, FastAPI",Pending investigation,Pending investigation,False,False,False,Improvement / Task,Improvement / Task,0.87,
INC-1584,Disk full on logging server,Incident,Infrastructure / Cloud Issues,P3,Medium,Resolved,2025-11-25 02:34:00,2025-11-27 16:34:00,"Hey team, Unable to write logs, getting No Space Left on Device.","Unable to write logs, getting 'No Space Left on Device'. Elasticsearch unresponsive.","All log ingestion stopped, monitoring blind for duration of incident.",S3 Buckets,Staging,"Ansible, Linux",Log rotation cron job failed silently due to permission change after OS upgrade.,1. Manually deleted old indices. 2. Fixed cron permissions. 3. Set up disk usage alert.,False,False,True,Incident,Incident,0.87,3720
INC-1585,TLS certificate expired,Incident,Network / Connectivity Issues,P2,High,Resolved,2025-10-20 07:25:00,2025-10-22 14:25:00,"Getting complaints that Browser showing certificate error, all HTTPS traffic failing.",Browser showing certificate error on main domain. API clients failing SSL handshake.,"All external traffic failing, complete customer-facing outage.",CoreDNS,Production,"Nginx, AWS ALB",cert-manager failed to renew certificate due to DNS challenge timeout.,1. Manually renewed via Let's Encrypt. 2. Fixed DNS challenge config. 3. Verified cert-manager auto-renew.,True,False,True,Incident,Incident,0.81,3300
INC-1586,Disk full on logging server,Incident,Infrastructure / Cloud Issues,P2,Medium,Closed,2025-11-13 23:12:00,2025-11-15 18:12:00,"Getting complaints that Unable to write logs, getting No Space Left on Device.","Unable to write logs, getting 'No Space Left on Device'. Elasticsearch unresponsive.","All log ingestion stopped, monitoring blind for duration of incident.",EC2 Fleet,Production,"Kubernetes, Docker",Log rotation cron job failed silently due to permission change after OS upgrade.,1. Manually deleted old indices. 2. Fixed cron permissions. 3. Set up disk usage alert.,True,True,False,Incident,Incident,0.81,2580
INC-1587,High CPU on worker nodes,Incident,Infrastructure / Cloud Issues,P1,Critical,Closed,2025-10-20 01:53:00,2025-10-20 19:53:00,"Urgent: Node CPU at 95%+, multiple pods throttled.",Node CPU at 95%+. Multiple pods throttled causing cascading slowdowns.,"System-wide latency spike, 3 services degraded simultaneously.",Celery Workers,Production,"AWS EC2, Python",Runaway Celery task consuming CPU due to infinite retry loop on bad message.,1. Identified task with top. 2. Purged queue. 3. Added max_retries to task config.,True,True,True,Incident,Incident,0.94,1080
INC-1588,Docker image build failing,Incident,CI/CD & Deployment Issues,P3,Low,Resolved,2025-08-29 04:26:00,2025-09-01 00:26:00,CI failing at docker build with package not found error. Affecting multiple users.,CI failing at docker build step: 'package not found'. Worked in local builds.,All deployments blocked for 3 services sharing this base image.,CI/CD Pipeline,Staging,"ArgoCD, Kustomize",Upstream Alpine package repository changed package name in new version.,1. Pinned base image to specific digest. 2. Updated package name. 3. Rebuilt.,False,False,False,Incident,Incident,0.95,4080
INC-1589,Connection pool exhausted,Incident,Database Issues,P2,High,Resolved,2025-11-30 04:49:00,2025-12-01 18:49:00,"Apps cannot connect to DB, throwing pool errors. It was working fine yesterday.",Apps throwing 'connection pool exhausted'. DB CPU normal but no connections available.,"All DB-dependent services failing, complete platform outage.",Inventory DB,Production,"PostgreSQL, Flyway",Microservice leaking connections by not closing cursors in exception path.,1. Killed idle connections via pg_terminate_backend. 2. Restarted offending service. 3. Fixed cursor handling.,True,True,True,Incident,Incident,0.9,2280
INC-1590,Implement mTLS across service mesh,Improvement / Task,Network / Connectivity Issues,P3,Low,Resolved,2025-11-16 18:53:00,2025-11-17 07:53:00,Security audit found internal service-to-service traffic is unencrypted. mTLS needs to be enforced. Please look into this.,Security audit found internal service-to-service traffic unencrypted.,Risk of lateral movement if network is compromised.,CoreDNS,Staging,"Nginx, AWS ALB","Istio mTLS set to PERMISSIVE mode, never enforced.",1. Gradually enabled STRICT mTLS per namespace. 2. Fixed services failing handshake. 3. Enforced globally.,True,True,False,Improvement / Task,Improvement / Task,0.94,780
INC-1591,Role misconfiguration,Bug,Authentication / Authorization Issues,P2,Medium,Resolved,2025-08-23 16:31:00,2025-08-25 09:31:00,Admin users getting 403 Forbidden on billing portal. Please look into this.,Admin users getting 403 Forbidden on billing portal. Role shown as correct in DB.,Finance team blocked from critical workflows.,IAM Module,Staging,"LDAP, Active Directory",Accidental deletion of role-to-permission mapping during migration cleanup script.,1. Restored mapping from DB backup. 2. Cleared permission cache. 3. Verified admin access.,False,False,False,Bug,Bug,0.71,2460
INC-1592,Implement mTLS across service mesh,Improvement / Task,Network / Connectivity Issues,P3,Medium,Resolved,2025-08-27 23:23:00,2025-08-28 00:23:00,"Hey team, Security audit found internal service-to-service traffic is unencrypted. mTLS needs to be enforced.",Security audit found internal service-to-service traffic unencrypted.,Risk of lateral movement if network is compromised.,CoreDNS,Production,Cloudflare,"Istio mTLS set to PERMISSIVE mode, never enforced.",1. Gradually enabled STRICT mTLS per namespace. 2. Fixed services failing handshake. 3. Enforced globally.,False,False,False,Improvement / Task,Improvement / Task,0.92,60
INC-1593,Timeouts on Dashboard,Bug,Application / Backend Issues,P2,Medium,Closed,2026-01-01 21:24:00,2026-01-02 21:24:00,Dashboard takes 30+ seconds to load and then times out.,"Gateway timeouts (504), high latency on /metrics endpoint.",All internal users experiencing slow load times.,Analytics API,Staging,"Python, Django",Inefficient data aggregation logic causing N+1 database queries.,1. Temporarily disabled heavy widget. 2. Restarted API pods. 3. Optimised query with JOIN.,False,False,False,Bug,Bug,0.75,1440
INC-1594,Slow query degrading API response,Bug,Application / Backend Issues,P2,Medium,Resolved,2025-12-30 06:57:00,2025-12-31 04:57:00,"Hey team, Orders endpoint latency spiked from 200ms to 8 seconds.",P99 latency spiking from 200ms to 8s on /orders endpoint.,Order confirmation page timing out for ~15% of users.,Order API,Production,"Python, FastAPI",Missing index on orders.created_at column after schema migration.,1. Ran EXPLAIN ANALYZE. 2. Added index concurrently. 3. Verified latency drop.,True,False,False,Bug,Bug,0.72,1320
INC-1595,API returning 500s,Incident,Application / Backend Issues,P1,High,Resolved,2025-11-23 10:10:00,2025-11-24 22:10:00,Checkout API is failing with 500 Internal Server Error. Please look into this.,"Spike in 500 status codes, logs show NullPointerException in payment module.",Users cannot complete checkout (approx 200 users affected).,Analytics API,Production,"Java, Spring Boot",Unhandled null value in payment payload from third-party provider.,1. Added null check. 2. Deployed hotfix. 3. Monitored error rates.,True,True,False,Incident,Incident,0.93,2160
INC-1596,Add automated smoke tests post-deploy,Improvement / Task,CI/CD & Deployment Issues,P3,Medium,Closed,2025-11-21 23:56:00,2025-11-25 03:56:00,Tech debt item: Post-incident review showed deployment issues could be caught in 2 minutes with basic smoke tests.,Post-incident review showed deployment issue could have been caught in 2 minutes.,Deployments currently have no automated health validation step.,GitHub Actions Runner,Production,"ArgoCD, Kustomize",Smoke test suite exists locally but never integrated into pipeline.,1. Added smoke test stage to Jenkins pipeline. 2. Auto-rollback on failure. 3. Tested.,False,False,False,Improvement / Task,Improvement / Task,0.78,4560
INC-1597,S3 bucket access denied,Bug,Infrastructure / Cloud Issues,P2,Medium,Resolved,2025-09-08 02:19:00,2025-09-09 21:19:00,Application throwing AccessDenied on all file upload attempts. Affecting multiple users.,Application throwing AccessDenied on all S3 PutObject calls.,File uploads broken for all users.,S3 Buckets,Production,"Kubernetes, Docker",IAM role policy accidentally removed during infrastructure-as-code refactor.,1. Identified missing statement in Terraform diff. 2. Re-applied policy. 3. Verified uploads.,False,False,False,Incident,Bug,0.6,2580
INC-1598,Timeouts on Dashboard,Incident,Application / Backend Issues,P2,Medium,Resolved,2026-01-25 14:06:00,2026-01-28 01:06:00,Dashboard takes 30+ seconds to load and then times out. Please look into this.,"Gateway timeouts (504), high latency on /metrics endpoint.",All internal users experiencing slow load times.,Checkout Service,Production,"Java, Spring Boot",Inefficient data aggregation logic causing N+1 database queries.,1. Temporarily disabled heavy widget. 2. Restarted API pods. 3. Optimised query with JOIN.,False,False,False,Incident,Incident,0.74,3540
INC-1599,Alert not firing for real outage,Bug,Monitoring / Alert Noise,P2,Medium,Closed,2026-01-06 04:33:00,2026-01-07 23:33:00,Service was down for 12 minutes before anyone noticed. Need a fix ASAP.,Service was down for 12 minutes before anyone noticed. No alert fired.,Delayed detection significantly worsened incident impact.,PagerDuty,Production,"Datadog, PagerDuty",Alert rule targeting wrong metric label after Prometheus federation change.,1. Fixed label selector in alert rule. 2. Verified with promtool. 3. Added alert test.,False,False,True,Bug,Bug,0.93,2580
INC-1600,Webhook delivery failure,Incident,Misc / Edge / New Issues,P1,Critical,Resolved,2025-12-06 22:27:00,2025-12-08 20:27:00,"Hey team, Third-party integration not receiving webhooks since last Tuesday.",Third-party integration not receiving webhooks since last Tuesday.,"Partner integration broken, manual workaround in place.",Webhook Handler,Production,Node.js,"Webhook URL changed on partner side without notification, our side still hitting old URL.",1. Contacted partner. 2. Updated webhook URL. 3. Verified delivery resumed.,False,False,False,Incident,Incident,0.8,2760
INC-1601,S3 bucket access denied,Improvement / Task,Infrastructure / Cloud Issues,P2,High,Resolved,2025-12-04 04:08:00,2025-12-04 15:08:00,Application throwing AccessDenied on all file upload attempts.,Application throwing AccessDenied on all S3 PutObject calls.,File uploads broken for all users.,S3 Buckets,Production,"Ansible, Linux",IAM role policy accidentally removed during infrastructure-as-code refactor.,1. Identified missing statement in Terraform diff. 2. Re-applied policy. 3. Verified uploads.,False,False,False,Bug,Improvement / Task,0.6,660
INC-1602,Connection pool exhausted,Incident,Database Issues,P1,High,Resolved,2025-11-10 00:43:00,2025-11-12 20:43:00,"Hey team, Apps cannot connect to DB, throwing pool errors.",Apps throwing 'connection pool exhausted'. DB CPU normal but no connections available.,"All DB-dependent services failing, complete platform outage.",Inventory DB,Staging,MySQL,Microservice leaking connections by not closing cursors in exception path.,1. Killed idle connections via pg_terminate_backend. 2. Restarted offending service. 3. Fixed cursor handling.,True,False,True,Incident,Incident,0.8,4080
INC-1603,Upgrade deprecated library,Bug,Application / Backend Issues,P3,Low,Closed,2025-12-13 00:45:00,2025-12-16 19:45:00,Tech debt item: Dependabot flagged a critical CVE in the requests library. Need to upgrade to patched version.,Dependabot flagged critical CVE in requests library.,Potential SSRF vulnerability if exploited.,Reporting Job,Production,"React, Node.js",Dependency pinned to old version and never updated.,1. Upgraded to patched version. 2. Ran regression tests. 3. Deployed.,False,False,False,Improvement / Task,Bug,0.65,5460
INC-1604,Add DB query performance monitoring,Improvement / Task,Database Issues,P3,Low,Resolved,2026-01-13 20:54:00,2026-01-13 23:54:00,Raising this for tracking: Slow queries only discovered reactively after user complaints. Need proactive query monitoring.,Slow queries only discovered reactively after user complaints.,No visibility into query performance trends before they cause incidents.,Inventory DB,Staging,MySQL,"pg_stat_statements not enabled, no slow query logging configured.",1. Enabled pg_stat_statements. 2. Set log_min_duration_statement=500ms. 3. Added Grafana dashboard.,False,False,True,Improvement / Task,Improvement / Task,0.74,180
INC-1605,Alert not firing for real outage,Incident,Monitoring / Alert Noise,P2,Medium,Closed,2026-01-25 10:18:00,2026-01-30 04:18:00,Service was down for 12 minutes before anyone noticed. Affecting multiple users.,Service was down for 12 minutes before anyone noticed. No alert fired.,Delayed detection significantly worsened incident impact.,Datadog,Production,OpenTelemetry,Alert rule targeting wrong metric label after Prometheus federation change.,1. Fixed label selector in alert rule. 2. Verified with promtool. 3. Added alert test.,True,True,False,Incident,Incident,0.71,6840
INC-1606,Slow query degrading API response,Improvement / Task,Application / Backend Issues,P3,Medium,Closed,2025-08-11 03:10:00,2025-08-14 14:10:00,Urgent: Orders endpoint latency spiked from 200ms to 8 seconds.,P99 latency spiking from 200ms to 8s on /orders endpoint.,Order confirmation page timing out for ~15% of users.,Frontend Webapp,Staging,"Python, Django",Missing index on orders.created_at column after schema migration.,1. Ran EXPLAIN ANALYZE. 2. Added index concurrently. 3. Verified latency drop.,True,True,True,Bug,Improvement / Task,0.65,4980
INC-1607,Feature not working,Improvement / Task,Application / Backend Issues,P3,Low,Resolved,2025-11-07 12:42:00,2025-11-08 16:42:00,Export to CSV button does nothing. It was working fine yesterday.,"No network request sent when clicking export button, console shows JS TypeError.","Users unable to export reports, blocking end-of-day workflows.",Reporting Job,Staging,"Java, Spring Boot",Recent refactor broke event listener binding on dynamic elements.,1. Reverted UI component commit. 2. Cleared CDN cache. 3. Re-deployed.,False,False,False,Bug,Improvement / Task,0.58,1680
INC-1608,Implement mTLS across service mesh,Improvement / Task,Network / Connectivity Issues,P2,Low,Closed,2025-11-19 06:05:00,2025-11-19 23:05:00,Security audit found internal service-to-service traffic is unencrypted. mTLS needs to be enforced.,Security audit found internal service-to-service traffic unencrypted.,Risk of lateral movement if network is compromised.,Load Balancer,Production,Istio,"Istio mTLS set to PERMISSIVE mode, never enforced.",1. Gradually enabled STRICT mTLS per namespace. 2. Fixed services failing handshake. 3. Enforced globally.,False,False,False,Improvement / Task,Improvement / Task,0.73,1020
INC-1609,Deadlock errors in transaction logs,Bug,Database Issues,P2,High,Resolved,2025-11-26 19:05:00,2025-11-27 06:05:00,Intermittent deadlock exceptions in order processing every 2 hours. Please look into this.,Intermittent deadlock exceptions in order processing service every ~2 hours.,Approximately 0.5% of orders failing and requiring manual retry.,Inventory DB,Production,"MongoDB, Python",Two services acquiring locks on orders and inventory tables in opposite order.,1. Identified lock order from pg_locks. 2. Standardised lock acquisition order. 3. Deployed.,False,False,False,Bug,Bug,0.94,660
INC-1610,Rare data inconsistency,Incident,Misc / Edge / New Issues,P2,High,Resolved,2025-09-06 11:25:00,2025-09-08 18:25:00,FYI - Single record showing duplicate entry in user-facing table. Any ideas?,Single record showing duplicate entry in user-facing table. Cannot reproduce consistently.,Data integrity concern for one customer record.,Webhook Handler,Production,React,Race condition in concurrent write path under very specific timing.,1. Fixed duplicate manually. 2. Added unique constraint. 3. Reviewed concurrent write paths.,False,False,True,Incident,Incident,0.92,3300
INC-1611,TLS certificate expired,Incident,Network / Connectivity Issues,P2,High,Resolved,2025-09-30 15:48:00,2025-10-02 10:48:00,"CRITICAL: Browser showing certificate error, all HTTPS traffic failing.",Browser showing certificate error on main domain. API clients failing SSL handshake.,"All external traffic failing, complete customer-facing outage.",CoreDNS,Production,Kubernetes,cert-manager failed to renew certificate due to DNS challenge timeout.,1. Manually renewed via Let's Encrypt. 2. Fixed DNS challenge config. 3. Verified cert-manager auto-renew.,True,False,True,Incident,Incident,0.83,2580
INC-1612,Role misconfiguration,Bug,Authentication / Authorization Issues,P2,Medium,Closed,2026-01-26 23:25:00,2026-01-28 15:25:00,FYI - Admin users getting 403 Forbidden on billing portal.,Admin users getting 403 Forbidden on billing portal. Role shown as correct in DB.,Finance team blocked from critical workflows.,Session Store,Production,Keycloak,Accidental deletion of role-to-permission mapping during migration cleanup script.,1. Restored mapping from DB backup. 2. Cleared permission cache. 3. Verified admin access.,True,True,True,Bug,Bug,0.96,2400
INC-1613,SSO login loop,Incident,Authentication / Authorization Issues,P2,High,Closed,2025-08-20 10:17:00,2025-08-24 03:17:00,Users redirected in infinite loop between app and SSO provider.,Users redirected in infinite loop between app and SSO provider. Never lands on dashboard.,"All SSO-based logins broken, affecting 80% of user base.",SSO Gateway,Production,"LDAP, Active Directory",Redirect URI mismatch after domain change not updated in SSO provider config.,1. Updated redirect URI in Keycloak. 2. Cleared browser cookies. 3. Verified login flow.,False,False,True,Incident,Incident,0.9,5340
INC-1614,Autovacuum not keeping up,Incident,Database Issues,P3,Medium,Resolved,2025-11-12 14:08:00,2025-11-13 19:08:00,"FYI - Table bloat increasing, query times gradually degrading. Any ideas?","Table bloat increasing, query times gradually degrading over 2 weeks.",Slow degradation of query performance across reporting module.,Reporting DB,Production,"MongoDB, Python",Autovacuum cost delay too high for write-heavy reporting table.,1. Ran manual VACUUM ANALYZE. 2. Tuned autovacuum_cost_delay. 3. Monitored bloat.,False,False,True,Incident,Incident,0.74,1740
INC-1615,Set up cluster autoscaler,Incident,Infrastructure / Cloud Issues,P2,Medium,Closed,2025-12-29 07:14:00,2026-01-02 17:14:00,Tech debt item: During peak traffic pods go pending due to insufficient capacity. Manual scaling is causing too much toil.,"During peak traffic, pods pending due to insufficient node capacity.","Manual scaling required during traffic spikes, causing toil.",EC2 Fleet,Production,"Terraform, AWS","Cluster autoscaler not configured, capacity managed entirely manually.",1. Installed cluster-autoscaler helm chart. 2. Set min/max node counts. 3. Load tested.,True,True,False,Improvement / Task,Incident,0.61,6360
INC-1616,Docker image build failing,Incident,CI/CD & Deployment Issues,P2,Medium,Closed,2025-11-30 05:31:00,2025-11-30 09:31:00,FYI - CI failing at docker build with package not found error. Any ideas?,CI failing at docker build step: 'package not found'. Worked in local builds.,All deployments blocked for 3 services sharing this base image.,CI/CD Pipeline,Production,"Kubernetes, Helm",Upstream Alpine package repository changed package name in new version.,1. Pinned base image to specific digest. 2. Updated package name. 3. Rebuilt.,False,False,True,Incident,Incident,0.78,240
INC-1617,High CPU on worker nodes,Incident,Infrastructure / Cloud Issues,P3,Medium,Resolved,2026-01-16 20:02:00,2026-01-18 15:02:00,"Getting complaints that Node CPU at 95%+, multiple pods throttled.",Node CPU at 95%+. Multiple pods throttled causing cascading slowdowns.,"System-wide latency spike, 3 services degraded simultaneously.",ELK Stack,Staging,"Kubernetes, Docker",Runaway Celery task consuming CPU due to infinite retry loop on bad message.,1. Identified task with top. 2. Purged queue. 3. Added max_retries to task config.,False,False,True,Incident,Incident,0.79,2580
INC-1618,Implement mTLS across service mesh,Improvement / Task,Network / Connectivity Issues,P3,Low,Closed,2025-09-15 23:20:00,2025-09-19 19:20:00,"Hey team, Security audit found internal service-to-service traffic is unencrypted. mTLS needs to be enforced.",Security audit found internal service-to-service traffic unencrypted.,Risk of lateral movement if network is compromised.,Load Balancer,Production,"WireGuard, Linux","Istio mTLS set to PERMISSIVE mode, never enforced.",1. Gradually enabled STRICT mTLS per namespace. 2. Fixed services failing handshake. 3. Enforced globally.,True,True,False,Improvement / Task,Improvement / Task,0.85,5520
INC-1619,Pod crash looping,Incident,Infrastructure / Cloud Issues,P3,Low,Resolved,2025-10-20 18:35:00,2025-10-21 05:35:00,"Payment service pods in CrashLoopBackOff, restarting every 30s. Affecting multiple users.",CrashLoopBackOff on payment-service pods. Restarts every 30 seconds.,"Payment service fully down, all transactions failing.",EC2 Fleet,Production,"Kubernetes, Docker",Missing environment variable after config map was accidentally deleted.,1. Checked pod logs. 2. Restored config map from git. 3. Pods stabilised.,True,False,True,Incident,Incident,0.73,660
INC-1620,Token expiration issue,Incident,Authentication / Authorization Issues,P2,Medium,Resolved,2025-10-20 11:41:00,2025-10-22 11:41:00,CRITICAL: Users getting randomly logged out mid-session.,Users getting randomly logged out mid-session. JWT validation failing for valid tokens.,"All users affected, session stability broken platform-wide.",API Gateway,Production,"Redis, Node.js",JWT signing key rotation job ran but new key not propagated to all auth pods.,1. Identified key mismatch in logs. 2. Restarted auth pods with correct key. 3. Forced re-login.,False,False,False,Incident,Incident,0.75,2880
INC-1621,Background job not running,Bug,Application / Backend Issues,P3,Low,Resolved,2025-09-23 13:42:00,2025-09-24 14:42:00,Nightly report emails not being sent.,Nightly report emails not sent. Celery beat logs show task queued but never picked up.,Finance team missing daily summary reports.,Reporting Job,Production,"Python, FastAPI",Redis connection pool exhausted; beat scheduler silently skipping tasks.,1. Restarted Redis. 2. Increased max connections. 3. Added alerting on queue depth.,False,False,False,Bug,Bug,0.98,1500
INC-1622,Grafana dashboard showing no data,Bug,Monitoring / Alert Noise,P2,High,Closed,2025-11-29 07:23:00,2025-12-01 16:23:00,All Grafana panels showing No Data despite metrics being present.,All panels in production dashboard showing No Data. Metrics visible in Prometheus UI.,Operations team blind to production health.,PagerDuty,Production,OpenTelemetry,Grafana datasource URL changed after Prometheus pod rescheduled to new IP.,1. Updated datasource URL to use service DNS instead of pod IP. 2. Verified panels.,False,False,False,Bug,Bug,0.92,3420
INC-1623,Intermittent packet loss,Bug,Network / Connectivity Issues,P1,High,Resolved,2025-12-13 21:09:00,2025-12-15 09:09:00,"Urgent: 2-5% ping loss between nodes, TCP retransmits elevated.",Ping loss between nodes 2-5% intermittently. TCP retransmits elevated.,"Degraded performance for all real-time features, chat and notifications affected.",Load Balancer,Production,"WireGuard, Linux",Faulty NIC on one hypervisor host causing CRC errors.,1. Identified host with mtr. 2. Migrated VMs. 3. Raised ticket with data centre.,True,True,False,Bug,Bug,0.8,2160
INC-1624,Service unreachable,Bug,Network / Connectivity Issues,P2,High,Closed,2026-01-18 21:42:00,2026-01-21 02:42:00,"Auth service cannot reach User service, connection refused.",Auth service cannot reach User service. Connection refused on port 8080.,Login broken for all users.,API Gateway,Production,Cloudflare,NetworkPolicy accidentally blocking inter-service traffic after namespace migration.,1. Identified with kubectl describe netpol. 2. Reverted policy YAML. 3. Verified connectivity.,False,False,False,Bug,Bug,0.98,3180
INC-1625,Background job not running,Bug,Application / Backend Issues,P2,Medium,Resolved,2025-08-31 13:34:00,2025-09-02 13:34:00,"Hey team, Nightly report emails not being sent.",Nightly report emails not sent. Celery beat logs show task queued but never picked up.,Finance team missing daily summary reports.,Frontend Webapp,Production,"Python, Django",Redis connection pool exhausted; beat scheduler silently skipping tasks.,1. Restarted Redis. 2. Increased max connections. 3. Added alerting on queue depth.,False,False,True,Bug,Bug,0.79,2880
INC-1626,Timeouts on Dashboard,Bug,Application / Backend Issues,P2,High,Closed,2025-10-01 06:46:00,2025-10-06 06:46:00,Dashboard takes 30+ seconds to load and then times out. Please look into this.,"Gateway timeouts (504), high latency on /metrics endpoint.",All internal users experiencing slow load times.,Reporting Job,Production,"Python, Django",Inefficient data aggregation logic causing N+1 database queries.,1. Temporarily disabled heavy widget. 2. Restarted API pods. 3. Optimised query with JOIN.,True,True,False,Bug,Bug,0.79,7200
INC-1627,Timeouts on Dashboard,Incident,Application / Backend Issues,P3,Low,Resolved,2025-11-09 12:04:00,2025-11-11 22:04:00,Customer reported: Dashboard takes 30+ seconds to load and then times out.,"Gateway timeouts (504), high latency on /metrics endpoint.",All internal users experiencing slow load times.,Checkout Service,Production,"Python, FastAPI",Inefficient data aggregation logic causing N+1 database queries.,1. Temporarily disabled heavy widget. 2. Restarted API pods. 3. Optimised query with JOIN.,False,False,True,Incident,Incident,0.74,3480
INC-1628,Disk full on logging server,Incident,Infrastructure / Cloud Issues,P3,Medium,Resolved,2025-08-28 19:38:00,2025-08-31 14:38:00,"Unable to write logs, getting No Space Left on Device. Please look into this.","Unable to write logs, getting 'No Space Left on Device'. Elasticsearch unresponsive.","All log ingestion stopped, monitoring blind for duration of incident.",Kubernetes Cluster,Production,"Elasticsearch, Linux",Log rotation cron job failed silently due to permission change after OS upgrade.,1. Manually deleted old indices. 2. Fixed cron permissions. 3. Set up disk usage alert.,False,False,False,Incident,Incident,0.76,4020
INC-1629,Duplicate alerts firing,Bug,Monitoring / Alert Noise,P3,Medium,Resolved,2026-01-21 07:41:00,2026-01-23 16:41:00,"Hey team, Receiving 50+ PagerDuty pages for the same event within 2 minutes.",Receiving 50+ PagerDuty pages for the same CPU spike event within 2 minutes.,"On-call engineer overwhelmed, real alerts buried in noise.",Grafana,Staging,ELK Stack,Alertmanager group_wait and group_interval misconfigured after config refactor.,1. Updated group_wait=30s and group_interval=5m. 2. Reloaded config. 3. Tested with firing rule.,False,False,True,Bug,Bug,0.89,3420
INC-1630,Tune alert thresholds to reduce noise,Improvement / Task,Monitoring / Alert Noise,P3,Medium,Resolved,2025-12-24 22:48:00,2025-12-25 09:48:00,"Action item from last retro: On-call team receiving 30+ alerts per night, most not actionable. Need to tune thresholds.","On-call team receiving 30+ alerts per night, most not actionable.",Alert fatigue leading to delayed response on real incidents.,Datadog,Production,"Grafana, Loki","Alert thresholds set conservatively during initial setup, never revisited.",1. Analysed 30-day alert history. 2. Tuned thresholds per service SLA. 3. Reduced nightly alerts by 70%.,True,True,False,Improvement / Task,Improvement / Task,0.79,660
INC-1631,Automate log rotation configuration,Improvement / Task,Infrastructure / Cloud Issues,P3,Low,Closed,2025-08-25 12:04:00,2025-08-25 18:04:00,Action item from last retro: Post-incident review flagged manual log rotation as a recurring operational risk across all nodes.,Post-incident review revealed manual log rotation as recurring risk.,Recurring risk of disk full incidents across all logging nodes.,EC2 Fleet,Production,"Terraform, AWS",No standardised log rotation policy enforced via configuration management.,1. Added logrotate config to Ansible playbook. 2. Applied across fleet. 3. Tested.,False,False,True,Improvement / Task,Improvement / Task,0.82,360
INC-1632,Set up cluster autoscaler,Improvement / Task,Infrastructure / Cloud Issues,P2,Low,Closed,2025-09-18 10:42:00,2025-09-18 15:42:00,Action item from last retro: During peak traffic pods go pending due to insufficient capacity. Manual scaling is causing too much toil.,"During peak traffic, pods pending due to insufficient node capacity.","Manual scaling required during traffic spikes, causing toil.",Kubernetes Cluster,Production,"Kubernetes, Docker","Cluster autoscaler not configured, capacity managed entirely manually.",1. Installed cluster-autoscaler helm chart. 2. Set min/max node counts. 3. Load tested.,False,False,False,Improvement / Task,Improvement / Task,0.83,300
INC-1633,Add rate limiting to public API,Improvement / Task,Application / Backend Issues,P3,Low,Closed,2025-12-25 18:48:00,2025-12-27 07:48:00,FYI - Public API has no rate limiting. Identified during capacity planning — need to implement before launch.,"No immediate symptoms, identified during capacity planning review.",Risk of API abuse if not addressed before product launch.,Order API,Staging,"Python, FastAPI",Rate limiting was never implemented on public-facing endpoints.,1. Evaluated django-ratelimit. 2. Implemented per-IP throttle. 3. Tested with load script.,True,True,False,Improvement / Task,Improvement / Task,0.79,2220
INC-1634,ArgoCD app out of sync,Incident,CI/CD & Deployment Issues,P1,High,Closed,2025-09-12 00:41:00,2025-09-15 04:41:00,ArgoCD showing OutOfSync but sync fails with permission error. Affecting multiple users.,ArgoCD showing app OutOfSync but sync button fails with permission error.,"Config changes not deploying, manual kubectl apply required as workaround.",GitHub Actions Runner,Production,"ArgoCD, Kustomize",ArgoCD service account missing ClusterRole binding after RBAC audit cleanup.,1. Identified missing binding from RBAC diff. 2. Restored binding. 3. Synced app.,False,False,False,Incident,Incident,0.84,4560
INC-1635,Implement SLO-based alerting,Improvement / Task,Monitoring / Alert Noise,P3,Low,Resolved,2025-12-16 00:31:00,2025-12-16 18:31:00,Current alerts track symptoms not reliability targets. Need to define SLOs and error budget alerts.,"Current alerts track symptoms, not user-facing reliability targets.",Hard to know if reliability commitments are being met.,Datadog,Production,"Grafana, Loki","No SLOs defined, alerting purely infrastructure-focused.",1. Defined SLOs for 3 key services. 2. Implemented error budget alerts. 3. Created SLO dashboard.,False,False,False,Improvement / Task,Improvement / Task,0.99,1080
INC-1636,Automate log rotation configuration,Improvement / Task,Infrastructure / Cloud Issues,P2,Medium,Resolved,2025-09-27 09:37:00,2025-09-28 19:37:00,Action item from last retro: Post-incident review flagged manual log rotation as a recurring operational risk across all nodes.,Post-incident review revealed manual log rotation as recurring risk.,Recurring risk of disk full incidents across all logging nodes.,Load Balancer,Production,"Terraform, AWS",No standardised log rotation policy enforced via configuration management.,1. Added logrotate config to Ansible playbook. 2. Applied across fleet. 3. Tested.,False,False,False,Improvement / Task,Improvement / Task,0.96,2040
INC-1637,Refactor authentication middleware,Improvement / Task,Application / Backend Issues,P2,Low,Resolved,2026-01-10 15:31:00,2026-01-11 14:31:00,FYI - Auth logic is duplicated across 7 views. Code review flagged this as a maintenance and security risk.,Code review flagged auth logic duplicated across 7 views.,Technical debt increasing risk of auth bypass in future changes.,Analytics API,Production,"Go, Gin",Auth logic was copy-pasted during rapid feature development phase.,1. Extracted to reusable middleware. 2. Wrote unit tests. 3. Deployed incrementally.,True,False,False,Improvement / Task,Improvement / Task,0.97,1380
INC-1638,Slow query degrading API response,Incident,Application / Backend Issues,P2,Medium,In Progress,2025-08-23 09:31:00,,Customer reported: Orders endpoint latency spiked from 200ms to 8 seconds.,P99 latency spiking from 200ms to 8s on /orders endpoint.,Order confirmation page timing out for ~15% of users.,Frontend Webapp,Production,"Java, Spring Boot",Pending investigation,Pending investigation,True,True,True,Incident,Incident,0.95,
INC-1639,Intermittent packet loss,Incident,Network / Connectivity Issues,P2,High,Resolved,2025-12-06 22:39:00,2025-12-07 07:39:00,"Customer reported: 2-5% ping loss between nodes, TCP retransmits elevated.",Ping loss between nodes 2-5% intermittently. TCP retransmits elevated.,"Degraded performance for all real-time features, chat and notifications affected.",CoreDNS,Staging,Kubernetes,Faulty NIC on one hypervisor host causing CRC errors.,1. Identified host with mtr. 2. Migrated VMs. 3. Raised ticket with data centre.,True,True,True,Incident,Incident,0.71,540
INC-1640,Background job not running,Incident,Application / Backend Issues,P3,Low,Resolved,2025-10-30 05:23:00,2025-11-02 01:23:00,Nightly report emails not being sent. Affecting multiple users.,Nightly report emails not sent. Celery beat logs show task queued but never picked up.,Finance team missing daily summary reports.,Notification Service,Staging,"React, Node.js",Redis connection pool exhausted; beat scheduler silently skipping tasks.,1. Restarted Redis. 2. Increased max connections. 3. Added alerting on queue depth.,False,False,False,Incident,Incident,0.99,4080
INC-1641,Deployment rollback needed,Bug,CI/CD & Deployment Issues,P2,Medium,Closed,2026-01-16 14:47:00,2026-01-18 00:47:00,"Hey team, Error rate spiked to 15% within 5 minutes of deployment.",Error rate spiked to 15% within 5 minutes of deployment. Latency tripled.,"Significant user-facing degradation, revenue-impacting.",GitHub Actions Runner,Production,"Jenkins, GitHub Actions",Breaking API change in new release not caught by test suite.,1. Rolled back via ArgoCD. 2. Error rate normalised. 3. Added integration test for API contract.,True,True,False,Bug,Bug,0.88,2040
INC-1642,Node not ready in cluster,Bug,Infrastructure / Cloud Issues,P2,High,Resolved,2025-11-20 00:38:00,2025-11-22 23:38:00,"Customer reported: Kubernetes node showing NotReady, pods being evicted.",kubectl shows node in NotReady state. Pods evicted and rescheduled causing brief downtime.,"30% capacity reduction, some pods pending for 15 minutes.",Celery Workers,Production,"AWS EC2, Python",Kubelet ran out of memory due to log file accumulation on node.,1. Drained node. 2. Cleared logs. 3. Restarted kubelet. 4. Uncordoned.,True,True,False,Bug,Bug,0.94,4260
INC-1643,Set up cluster autoscaler,Improvement / Task,Infrastructure / Cloud Issues,P2,Medium,Resolved,2026-01-13 19:38:00,2026-01-14 00:38:00,Action item from last retro: During peak traffic pods go pending due to insufficient capacity. Manual scaling is causing too much toil.,"During peak traffic, pods pending due to insufficient node capacity.","Manual scaling required during traffic spikes, causing toil.",S3 Buckets,Production,"Ansible, Linux","Cluster autoscaler not configured, capacity managed entirely manually.",1. Installed cluster-autoscaler helm chart. 2. Set min/max node counts. 3. Load tested.,False,False,True,Improvement / Task,Improvement / Task,0.85,300
INC-1644,Implement mTLS across service mesh,Improvement / Task,Network / Connectivity Issues,P3,Low,Resolved,2025-12-21 00:04:00,2025-12-23 20:04:00,"Hey team, Security audit found internal service-to-service traffic is unencrypted. mTLS needs to be enforced.",Security audit found internal service-to-service traffic unencrypted.,Risk of lateral movement if network is compromised.,API Gateway,Production,Cloudflare,"Istio mTLS set to PERMISSIVE mode, never enforced.",1. Gradually enabled STRICT mTLS per namespace. 2. Fixed services failing handshake. 3. Enforced globally.,False,False,False,Improvement / Task,Improvement / Task,0.99,4080
INC-1645,DNS resolution failing,Bug,Network / Connectivity Issues,P2,High,Resolved,2025-12-27 01:15:00,2025-12-28 12:15:00,Customer reported: Services cannot resolve internal and external domains intermittently.,Services intermittently failing to resolve internal and external domains.,Cascading failures across 4 services depending on external APIs.,VPN Gateway,Production,Kubernetes,CoreDNS pods overwhelmed by DNS flood from misconfigured ndots setting.,1. Scaled CoreDNS replicas from 2 to 5. 2. Added ndots:1 to pod DNS config. 3. Verified resolution.,True,True,True,Bug,Bug,0.88,2100
INC-1646,Background job not running,Improvement / Task,Application / Backend Issues,P3,Medium,In Progress,2025-12-09 13:03:00,,pls check ASAP: Nightly report emails not being sent.,Nightly report emails not sent. Celery beat logs show task queued but never picked up.,Finance team missing daily summary reports.,Notification Service,Production,"Python, FastAPI",Pending investigation,Pending investigation,True,True,True,Incident,Improvement / Task,0.71,
INC-1647,DNS resolution failing,Incident,Network / Connectivity Issues,P2,Medium,In Progress,2025-11-08 06:41:00,,pls check ASAP: Services cannot resolve internal and external domains intermittently.,Services intermittently failing to resolve internal and external domains.,Cascading failures across 4 services depending on external APIs.,VPN Gateway,Production,Kubernetes,Pending investigation,Pending investigation,True,True,True,Incident,Incident,0.86,
INC-1648,Migrate from Jenkins to GitHub Actions,Improvement / Task,CI/CD & Deployment Issues,P2,Low,Resolved,2025-10-28 17:31:00,2025-10-30 09:31:00,Jenkins maintenance is taking 4+ hours per month and is a single point of failure for all CI. Please look into this.,"Jenkins server maintenance taking 4+ hours per month, blocking deployments.",High operational overhead and single point of failure in CI infrastructure.,GitHub Actions Runner,Production,"Kubernetes, Helm","Jenkins self-hosted with no HA setup, all CI dependent on single VM.",1. Assessed GitHub Actions feasibility. 2. Migrated 3 pipelines. 3. Deprecated Jenkins.,False,False,False,Improvement / Task,Improvement / Task,0.9,2400
INC-1649,OAuth token refresh broken,Incident,Authentication / Authorization Issues,P2,High,Resolved,2026-01-08 23:20:00,2026-01-11 19:20:00,"Getting complaints that API clients getting 401 after 1 hour, refresh token invalid.",API clients getting 401 after 1 hour. Refresh token call returns invalid_grant.,All API integrations failing after initial token expires.,Auth Service,Production,Keycloak,Refresh token invalidated on any login event due to misconfigured session policy.,1. Identified session policy setting. 2. Disabled rotate-on-login. 3. Reissued tokens.,False,False,True,Incident,Incident,0.77,4080
INC-1650,Add DB query performance monitoring,Improvement / Task,Database Issues,P3,Medium,Resolved,2025-11-13 19:02:00,2025-11-15 01:02:00,"Hey team, Slow queries only discovered reactively after user complaints. Need proactive query monitoring.",Slow queries only discovered reactively after user complaints.,No visibility into query performance trends before they cause incidents.,Reporting DB,Production,MySQL,"pg_stat_statements not enabled, no slow query logging configured.",1. Enabled pg_stat_statements. 2. Set log_min_duration_statement=500ms. 3. Added Grafana dashboard.,False,False,False,Improvement / Task,Improvement / Task,0.93,1800
